id,name,name_ko,num,base_species,forme,is_mega,required_item,type1,type2,hp,atk,def,spa,spd,spe,bst,ability1,ability2,ability_hidden,ability_special,weight_kg,tier,doubles_tier,tags
venusaur,Venusaur,이상해꽃,3,Venusaur,,0,,Grass,Poison,80,82,83,100,100,80,525,Overgrow,,Chlorophyll,,100,UU,UU,
venusaurmega,Venusaur-Mega,메가이상해꽃,3,Venusaur,Mega,1,Venusaurite,Grass,Poison,80,100,123,122,120,80,625,Thick Fat,,,,155.5,UU,UU,
charizard,Charizard,리자몽,6,Charizard,,0,,Fire,Flying,78,84,78,109,85,100,534,Blaze,,Solar Power,,90.5,RU,RU,
charizardmegax,Charizard-Mega-X,메가리자몽X,6,Charizard,Mega-X,1,Charizardite X,Fire,Dragon,78,130,111,130,85,100,634,Tough Claws,,,,110.5,UUBL,UUBL,
charizardmegay,Charizard-Mega-Y,메가리자몽Y,6,Charizard,Mega-Y,1,Charizardite Y,Fire,Flying,78,104,78,159,115,100,634,Drought,,,,100.5,UUBL,UUBL,
blastoise,Blastoise,거북왕,9,Blastoise,,0,,Water,,79,83,100,85,105,78,530,Torrent,,Rain Dish,,85.5,UU,UU,
blastoisemega,Blastoise-Mega,메가거북왕,9,Blastoise,Mega,1,Blastoisinite,Water,,79,103,120,135,115,78,630,Mega Launcher,,,,101.1,Uber,Uber,
beedrill,Beedrill,독침붕,15,Beedrill,,0,,Bug,Poison,65,90,40,45,80,75,395,Swarm,,Sniper,,29.5,RU,RU,
beedrillmega,Beedrill-Mega,메가독침붕,15,Beedrill,Mega,1,Beedrillite,Bug,Poison,65,150,40,15,80,145,495,Adaptability,,,,40.5,UU,UU,
pidgeot,Pidgeot,피죤투,18,Pidgeot,,0,,Normal,Flying,83,80,75,70,70,101,479,Keen Eye,Tangled Feet,Big Pecks,,39.5,RU,RU,
pidgeotmega,Pidgeot-Mega,메가피죤투,18,Pidgeot,Mega,1,Pidgeotite,Normal,Flying,83,80,80,135,80,121,579,No Guard,,,,50.5,RU,RU,
arbok,Arbok,아보크,24,Arbok,,0,,Poison,,60,95,69,65,79,80,448,Intimidate,Shed Skin,Unnerve,,65,RU,RU,
pikachu,Pikachu,피카츄,25,Pikachu,,0,,Electric,,35,55,40,50,50,90,320,Static,,Lightning Rod,,6,NFE,NFE,
raichu,Raichu,라이츄,26,Raichu,,0,,Electric,,60,90,55,90,80,110,485,Static,,Lightning Rod,,30,RU,RU,
raichualola,Raichu-Alola,라이츄-알로라,26,Raichu,Alola,0,,Electric,Psychic,60,85,50,95,85,110,485,Surge Surfer,,,,21,RU,RU,
raichumegax,Raichu-Mega-X,메가라이츄X,26,Raichu,Mega-X,1,Raichunite X,Electric,,60,135,95,90,95,110,585,Electric Surge,,,,38,RU,RU,
raichumegay,Raichu-Mega-Y,메가라이츄Y,26,Raichu,Mega-Y,1,Raichunite Y,Electric,,60,100,55,160,80,130,585,No Guard,,,,26,OU,OU,
clefable,Clefable,픽시,36,Clefable,,0,,Fairy,,95,70,73,95,90,60,483,Cute Charm,Magic Guard,Unaware,,40,OU,OU,
clefablemega,Clefable-Mega,메가픽시,36,Clefable,Mega,1,Clefablite,Fairy,Flying,95,80,93,135,110,70,583,Magic Bounce,,,,42.3,(OU),(OU),
ninetales,Ninetales,나인테일,38,Ninetales,,0,,Fire,,73,76,75,81,100,100,505,Flash Fire,,Drought,,19.9,RU,RU,
ninetalesalola,Ninetales-Alola,나인테일-알로라,38,Ninetales,Alola,0,,Ice,Fairy,73,67,75,81,100,109,505,Snow Cloak,,Snow Warning,,19.9,UU,UU,
wigglytuff,Wigglytuff,푸크린,40,Wigglytuff,,0,,Normal,Fairy,140,70,45,85,50,45,435,Cute Charm,Competitive,Frisk,,12,OU,OU,
vileplume,Vileplume,라플레시아,45,Vileplume,,0,,Grass,Poison,75,80,85,110,90,50,490,Chlorophyll,,Effect Spore,,18.6,RU,RU,
persian,Persian,페르시온,53,Persian,,0,,Normal,,65,70,60,65,65,115,440,Limber,Technician,Unnerve,,32,OU,OU,
persianalola,Persian-Alola,페르시온-알로라,53,Persian,Alola,0,,Dark,,65,60,60,75,65,115,440,Fur Coat,Technician,Rattled,,33,OU,OU,
arcanine,Arcanine,윈디,59,Arcanine,,0,,Fire,,90,110,80,100,80,95,555,Intimidate,Flash Fire,Justified,,155,RU,RU,
arcaninehisui,Arcanine-Hisui,윈디-히스이,59,Arcanine,Hisui,0,,Fire,Rock,95,115,80,95,80,90,555,Intimidate,Flash Fire,Rock Head,,168,UU,UU,
alakazam,Alakazam,후딘,65,Alakazam,,0,,Psychic,,55,50,45,135,95,120,500,Synchronize,Inner Focus,Magic Guard,,48,UU,UU,
alakazammega,Alakazam-Mega,메가후딘,65,Alakazam,Mega,1,Alakazite,Psychic,,55,50,65,175,105,150,600,Trace,,,,48,Uber,Uber,
machamp,Machamp,괴력몬,68,Machamp,,0,,Fighting,,90,130,80,65,85,55,505,Guts,No Guard,Steadfast,,130,RU,RU,
victreebel,Victreebel,우츠보트,71,Victreebel,,0,,Grass,Poison,80,105,65,100,70,70,490,Chlorophyll,,Gluttony,,15.5,RU,RU,
victreebelmega,Victreebel-Mega,메가우츠보트,71,Victreebel,Mega,1,Victreebelite,Grass,Poison,80,125,85,135,95,70,590,Innards Out,,,,125.5,UU,UU,
slowbro,Slowbro,야도란,80,Slowbro,,0,,Water,Psychic,95,75,110,100,80,30,490,Oblivious,Own Tempo,Regenerator,,78.5,RU,RU,
slowbromega,Slowbro-Mega,메가야도란,80,Slowbro,Mega,1,Slowbronite,Water,Psychic,95,75,180,130,80,30,590,Shell Armor,,,,120,RU,RU,
slowbrogalar,Slowbro-Galar,야도란-가라르,80,Slowbro,Galar,0,,Poison,Psychic,95,100,95,100,70,30,490,Quick Draw,Own Tempo,Regenerator,,70.5,RU,RU,
farfetchd,Farfetch’d,파오리,83,Farfetch’d,,0,,Normal,Flying,52,90,55,58,62,60,377,Keen Eye,Inner Focus,Defiant,,15,OU,OU,
gengar,Gengar,팬텀,94,Gengar,,0,,Ghost,Poison,60,65,60,130,75,110,500,Cursed Body,,,,40.5,UU,UU,
gengarmega,Gengar-Mega,메가팬텀,94,Gengar,Mega,1,Gengarite,Ghost,Poison,60,65,80,170,95,130,600,Shadow Tag,,,,40.5,Uber,Uber,
kangaskhan,Kangaskhan,캥카,115,Kangaskhan,,0,,Normal,,105,95,80,40,80,90,490,Early Bird,Scrappy,Inner Focus,,80,RU,RU,
kangaskhanmega,Kangaskhan-Mega,메가캥카,115,Kangaskhan,Mega,1,Kangaskhanite,Normal,,105,125,100,60,100,100,590,Parental Bond,,,,100,RU,RU,
starmie,Starmie,아쿠스타,121,Starmie,,0,,Water,Psychic,60,75,85,100,85,115,520,Illuminate,Natural Cure,Analytic,,80,UU,UU,
starmiemega,Starmie-Mega,메가아쿠스타,121,Starmie,Mega,1,Starminite,Water,Psychic,60,100,105,130,105,120,620,Huge Power,,,,80,Uber,Uber,
mrmime,Mr. Mime,마임맨,122,Mr. Mime,,0,,Psychic,Fairy,40,45,65,100,120,90,460,Soundproof,Filter,Technician,,54.5,OU,OU,
pinsir,Pinsir,쁘사이저,127,Pinsir,,0,,Bug,,65,125,100,55,70,85,500,Hyper Cutter,Mold Breaker,Moxie,,55,RU,RU,
pinsirmega,Pinsir-Mega,메가쁘사이저,127,Pinsir,Mega,1,Pinsirite,Bug,Flying,65,155,120,65,90,105,600,Aerilate,,,,59,UU,UU,
tauros,Tauros,켄타로스,128,Tauros,,0,,Normal,,75,100,95,40,70,110,490,Intimidate,Anger Point,Sheer Force,,88.4,RU,RU,
taurospaldeacombat,Tauros-Paldea-Combat,켄타로스-팔데아-컴뱃,128,Tauros,Paldea-Combat,0,,Fighting,,75,110,105,30,70,100,490,Intimidate,Anger Point,Cud Chew,,115,RU,RU,
taurospaldeablaze,Tauros-Paldea-Blaze,켄타로스-팔데아-블레이즈,128,Tauros,Paldea-Blaze,0,,Fighting,Fire,75,110,105,30,70,100,490,Intimidate,Anger Point,Cud Chew,,85,RU,RU,
taurospaldeaaqua,Tauros-Paldea-Aqua,켄타로스-팔데아-워터,128,Tauros,Paldea-Aqua,0,,Fighting,Water,75,110,105,30,70,100,490,Intimidate,Anger Point,Cud Chew,,110,UU,UU,
gyarados,Gyarados,갸라도스,130,Gyarados,,0,,Water,Flying,95,125,79,60,100,81,540,Intimidate,,Moxie,,235,UU,UU,
gyaradosmega,Gyarados-Mega,메가갸라도스,130,Gyarados,Mega,1,Gyaradosite,Water,Dark,95,155,109,70,130,81,640,Mold Breaker,,,,305,UU,UU,
ditto,Ditto,메타몽,132,Ditto,,0,,Normal,,48,48,48,48,48,48,288,Limber,,Imposter,,4,OU,OU,
vaporeon,Vaporeon,샤미드,134,Vaporeon,,0,,Water,,130,65,60,110,95,65,525,Water Absorb,,Hydration,,29,UU,UU,
jolteon,Jolteon,쥬피썬더,135,Jolteon,,0,,Electric,,65,65,60,110,95,130,525,Volt Absorb,,Quick Feet,,24.5,RU,RU,
flareon,Flareon,부스터,136,Flareon,,0,,Fire,,65,130,60,95,110,65,525,Flash Fire,,Guts,,25,RU,RU,
aerodactyl,Aerodactyl,프테라,142,Aerodactyl,,0,,Rock,Flying,80,105,65,60,75,130,515,Rock Head,Pressure,Unnerve,,59,RU,RU,
aerodactylmega,Aerodactyl-Mega,메가프테라,142,Aerodactyl,Mega,1,Aerodactylite,Rock,Flying,80,135,85,70,95,150,615,Tough Claws,,,,79,RU,RU,
snorlax,Snorlax,잠만보,143,Snorlax,,0,,Normal,,160,110,65,65,110,30,540,Immunity,Thick Fat,Gluttony,,460,RU,RU,
dragonite,Dragonite,망나뇽,149,Dragonite,,0,,Dragon,Flying,91,134,95,100,100,80,600,Inner Focus,,Multiscale,,210,OU,OU,
dragonitemega,Dragonite-Mega,메가망나뇽,149,Dragonite,Mega,1,Dragoninite,Dragon,Flying,91,124,115,145,125,100,700,Multiscale,,,,290,(OU),(OU),
meganium,Meganium,메가니움,154,Meganium,,0,,Grass,,80,82,100,83,100,80,525,Overgrow,,Leaf Guard,,100.5,RU,RU,
meganiummega,Meganium-Mega,메가메가니움,154,Meganium,Mega,1,Meganiumite,Grass,Fairy,80,92,115,143,115,80,625,Mega Sol,,,,201,OU,OU,
typhlosion,Typhlosion,블레이범,157,Typhlosion,,0,,Fire,,78,84,78,109,85,100,534,Blaze,,Flash Fire,,79.5,RU,RU,
typhlosionhisui,Typhlosion-Hisui,블레이범-히스이,157,Typhlosion,Hisui,0,,Fire,Ghost,73,84,78,119,85,95,534,Blaze,,Frisk,,69.8,RU,RU,
feraligatr,Feraligatr,장크로다일,160,Feraligatr,,0,,Water,,85,105,100,79,83,78,530,Torrent,,Sheer Force,,88.8,RU,RU,
feraligatrmega,Feraligatr-Mega,메가장크로다일,160,Feraligatr,Mega,1,Feraligite,Water,Dragon,85,160,125,89,93,78,630,Dragonize,,,,108.8,UU,UU,
ariados,Ariados,아리아도스,168,Ariados,,0,,Bug,Poison,70,90,70,60,70,40,400,Swarm,Insomnia,Sniper,,33.5,RU,RU,
ampharos,Ampharos,전룡,181,Ampharos,,0,,Electric,,90,75,85,115,90,55,510,Static,,Plus,,61.5,RU,RU,
ampharosmega,Ampharos-Mega,메가전룡,181,Ampharos,Mega,1,Ampharosite,Electric,Dragon,90,95,105,165,110,45,610,Mold Breaker,,,,61.5,RU,RU,
azumarill,Azumarill,마릴리,184,Azumarill,,0,,Water,Fairy,100,50,80,60,80,50,420,Thick Fat,Huge Power,Sap Sipper,,28.5,UU,UU,
politoed,Politoed,왕구리,186,Politoed,,0,,Water,,90,75,75,90,100,70,500,Water Absorb,Damp,Drizzle,,33.9,RU,RU,
espeon,Espeon,에브이,196,Espeon,,0,,Psychic,,65,65,60,130,95,110,525,Synchronize,,Magic Bounce,,26.5,RU,RU,
umbreon,Umbreon,블래키,197,Umbreon,,0,,Dark,,95,65,110,60,130,65,525,Synchronize,,Inner Focus,,27,UU,UU,
slowking,Slowking,야도킹,199,Slowking,,0,,Water,Psychic,95,75,80,100,110,30,490,Oblivious,Own Tempo,Regenerator,,79.5,UU,UU,
slowkinggalar,Slowking-Galar,야도킹-가라르,199,Slowking,Galar,0,,Poison,Psychic,95,65,80,110,110,30,490,Curious Medicine,Own Tempo,Regenerator,,79.5,OU,OU,
forretress,Forretress,쏘콘,205,Forretress,,0,,Bug,Steel,75,90,140,60,60,40,465,Sturdy,,Overcoat,,125.8,UU,UU,
steelix,Steelix,강철톤,208,Steelix,,0,,Steel,Ground,75,85,200,55,65,30,510,Rock Head,Sturdy,Sheer Force,,400,RU,RU,
steelixmega,Steelix-Mega,메가강철톤,208,Steelix,Mega,1,Steelixite,Steel,Ground,75,125,230,55,95,30,610,Sand Force,,,,740,RU,RU,
qwilfish,Qwilfish,침바루,211,Qwilfish,,0,,Water,Poison,65,95,85,55,55,85,440,Poison Point,Swift Swim,Intimidate,,3.9,RU,RU,
scizor,Scizor,핫삼,212,Scizor,,0,,Bug,Steel,70,130,100,55,80,65,500,Swarm,Technician,Light Metal,,118,OU,OU,
scizormega,Scizor-Mega,메가핫삼,212,Scizor,Mega,1,Scizorite,Bug,Steel,70,150,140,65,100,75,600,Technician,,,,125,(OU),(OU),
heracross,Heracross,헤라크로스,214,Heracross,,0,,Bug,Fighting,80,125,75,40,95,85,500,Swarm,Guts,Moxie,,54,RU,RU,
heracrossmega,Heracross-Mega,메가헤라크로스,214,Heracross,Mega,1,Heracronite,Bug,Fighting,80,185,115,40,105,75,600,Skill Link,,,,62.5,RU,RU,
skarmory,Skarmory,무장조,227,Skarmory,,0,,Steel,Flying,65,80,140,40,70,70,465,Keen Eye,Sturdy,Weak Armor,,50.5,UU,UU,
skarmorymega,Skarmory-Mega,메가무장조,227,Skarmory,Mega,1,Skarmorite,Steel,Flying,65,140,110,40,100,110,565,Stalwart,,,,40.4,UU,UU,
houndoom,Houndoom,헬가,229,Houndoom,,0,,Dark,Fire,75,90,50,110,80,95,500,Early Bird,Flash Fire,Unnerve,,35,RU,RU,
houndoommega,Houndoom-Mega,메가헬가,229,Houndoom,Mega,1,Houndoominite,Dark,Fire,75,90,90,140,90,115,600,Solar Power,,,,49.5,RU,RU,
tyranitar,Tyranitar,마기라스,248,Tyranitar,,0,,Rock,Dark,100,134,110,95,100,61,600,Sand Stream,,Unnerve,,202,RU,RU,
tyranitarmega,Tyranitar-Mega,메가마기라스,248,Tyranitar,Mega,1,Tyranitarite,Rock,Dark,100,164,150,95,120,71,700,Sand Stream,,,,255,RU,RU,
sceptile,Sceptile,나무킹,254,Sceptile,,0,,Grass,,70,85,65,105,85,120,530,Overgrow,,Unburden,,52.2,RU,RU,
sceptilemega,Sceptile-Mega,메가나무킹,254,Sceptile,Mega,1,Sceptilite,Grass,Dragon,70,110,75,145,85,145,630,Lightning Rod,,,,55.2,RU,RU,
blaziken,Blaziken,번치코,257,Blaziken,,0,,Fire,Fighting,80,120,70,110,70,80,530,Blaze,,Speed Boost,,52,OU,OU,
blazikenmega,Blaziken-Mega,메가번치코,257,Blaziken,Mega,1,Blazikenite,Fire,Fighting,80,160,80,130,80,100,630,Speed Boost,,,,52,Uber,Uber,
swampert,Swampert,대짱이,260,Swampert,,0,,Water,Ground,100,110,90,85,90,60,535,Torrent,,Damp,,81.9,UU,UU,
swampertmega,Swampert-Mega,메가대짱이,260,Swampert,Mega,1,Swampertite,Water,Ground,100,150,110,95,110,70,635,Swift Swim,,,,102,OU,OU,
pelipper,Pelipper,패리퍼,279,Pelipper,,0,,Water,Flying,60,50,100,95,70,65,440,Keen Eye,Drizzle,Rain Dish,,28,OU,OU,
gardevoir,Gardevoir,가디안,282,Gardevoir,,0,,Psychic,Fairy,68,65,65,125,115,80,518,Synchronize,Trace,Telepathy,,48.4,UU,UU,
gardevoirmega,Gardevoir-Mega,메가가디안,282,Gardevoir,Mega,1,Gardevoirite,Psychic,Fairy,68,85,65,165,135,100,618,Pixilate,,,,48.4,UUBL,UUBL,
sableye,Sableye,깜까미,302,Sableye,,0,,Dark,Ghost,50,75,75,65,65,50,380,Keen Eye,Stall,Prankster,,11,RU,RU,
sableyemega,Sableye-Mega,메가깜까미,302,Sableye,Mega,1,Sablenite,Dark,Ghost,50,85,125,85,115,20,480,Magic Bounce,,,,161,UU,UU,
mawile,Mawile,입치트,303,Mawile,,0,,Steel,Fairy,50,85,85,55,55,50,380,Hyper Cutter,Intimidate,Sheer Force,,11.5,RU,RU,
mawilemega,Mawile-Mega,메가입치트,303,Mawile,Mega,1,Mawilite,Steel,Fairy,50,105,125,55,95,50,480,Huge Power,,,,23.5,OU,OU,
aggron,Aggron,보스로라,306,Aggron,,0,,Steel,Rock,70,110,180,60,60,50,530,Sturdy,Rock Head,Heavy Metal,,360,RU,RU,
aggronmega,Aggron-Mega,메가보스로라,306,Aggron,Mega,1,Aggronite,Steel,,70,140,230,60,80,50,630,Filter,,,,395,RU,RU,
medicham,Medicham,요가램,308,Medicham,,0,,Fighting,Psychic,60,60,75,60,75,80,410,Pure Power,,Telepathy,,31.5,RU,RU,
medichammega,Medicham-Mega,메가요가램,308,Medicham,Mega,1,Medichamite,Fighting,Psychic,60,100,85,80,85,100,510,Pure Power,,,,31.5,UUBL,UUBL,
manectric,Manectric,썬더볼트,310,Manectric,,0,,Electric,,70,75,60,105,60,105,475,Static,Lightning Rod,Minus,,40.2,RU,RU,
manectricmega,Manectric-Mega,메가썬더볼트,310,Manectric,Mega,1,Manectite,Electric,,70,75,80,135,80,135,575,Intimidate,,,,44,RU,RU,
swalot,Swalot,꿀꺽몬,317,Swalot,,0,,Poison,,100,73,83,73,83,55,467,Liquid Ooze,Sticky Hold,Gluttony,,80,OU,OU,
sharpedo,Sharpedo,샤크니아,319,Sharpedo,,0,,Water,Dark,70,120,40,95,40,95,460,Rough Skin,,Speed Boost,,88.8,RU,RU,
sharpedomega,Sharpedo-Mega,메가샤크니아,319,Sharpedo,Mega,1,Sharpedonite,Water,Dark,70,140,70,110,65,105,560,Strong Jaw,,,,130.3,UU,UU,
camerupt,Camerupt,폭타,323,Camerupt,,0,,Fire,Ground,70,100,70,105,75,40,460,Magma Armor,Solid Rock,Anger Point,,220,RU,RU,
cameruptmega,Camerupt-Mega,메가폭타,323,Camerupt,Mega,1,Cameruptite,Fire,Ground,70,120,100,145,105,20,560,Sheer Force,,,,320.5,RU,RU,
torkoal,Torkoal,코터스,324,Torkoal,,0,,Fire,,70,85,140,85,70,20,470,White Smoke,Drought,Shell Armor,,80.4,UU,UU,
altaria,Altaria,파비코리,334,Altaria,,0,,Dragon,Flying,75,70,90,70,105,80,490,Natural Cure,,Cloud Nine,,20.6,UU,UU,
altariamega,Altaria-Mega,메가파비코리,334,Altaria,Mega,1,Altarianite,Dragon,Fairy,75,110,110,110,105,80,590,Pixilate,,,,20.6,UU,UU,
milotic,Milotic,밀로틱,350,Milotic,,0,,Water,,95,60,79,100,125,81,540,Marvel Scale,Competitive,Cute Charm,,162,UU,UU,
castform,Castform,캐스퐁,351,Castform,,0,,Normal,,70,70,70,70,70,70,420,Forecast,,,,0.8,RU,RU,
banette,Banette,다크펫,354,Banette,,0,,Ghost,,64,115,65,83,63,65,455,Insomnia,Frisk,Cursed Body,,12.5,RU,RU,
banettemega,Banette-Mega,메가다크펫,354,Banette,Mega,1,Banettite,Ghost,,64,165,75,93,83,75,555,Prankster,,,,13,RU,RU,
chimecho,Chimecho,치렁,358,Chimecho,,0,,Psychic,,75,50,80,95,90,65,455,Levitate,,,,1,RU,RU,
chimechomega,Chimecho-Mega,메가치렁,358,Chimecho,Mega,1,Chimechite,Psychic,Steel,75,50,110,135,120,65,555,Levitate,,,,8,UU,UU,
absol,Absol,앱솔,359,Absol,,0,,Dark,,65,130,60,75,60,75,465,Pressure,Super Luck,Justified,,47,RU,RU,
absolmega,Absol-Mega,메가앱솔,359,Absol,Mega,1,Absolite,Dark,,65,150,60,115,60,115,565,Magic Bounce,,,,49,RU,RU,
absolmegaz,Absol-Mega-Z,메가앱솔Z,359,Absol,Mega-Z,1,Absolite Z,Dark,Ghost,65,154,60,75,60,151,565,Sharpness,,,,49,OU,OU,
glalie,Glalie,얼음귀신,362,Glalie,,0,,Ice,,80,80,80,80,80,80,480,Inner Focus,Ice Body,Moody,,256.5,RU,RU,
glaliemega,Glalie-Mega,메가얼음귀신,362,Glalie,Mega,1,Glalitite,Ice,,80,120,80,120,80,100,580,Refrigerate,,,,350.2,RU,RU,
salamence,Salamence,보만다,373,Salamence,,0,,Dragon,Flying,95,135,80,110,80,100,600,Intimidate,,Moxie,,102.6,OU,OU,
salamencemega,Salamence-Mega,메가보만다,373,Salamence,Mega,1,Salamencite,Dragon,Flying,95,145,130,120,90,120,700,Aerilate,,,,112.6,Uber,Uber,
metagross,Metagross,메타그로스,376,Metagross,,0,,Steel,Psychic,80,135,130,95,90,70,600,Clear Body,,Light Metal,,550,RU,RU,
metagrossmega,Metagross-Mega,메가메타그로스,376,Metagross,Mega,1,Metagrossite,Steel,Psychic,80,145,150,105,110,110,700,Tough Claws,,,,942.9,OU,OU,
torterra,Torterra,토대부기,389,Torterra,,0,,Grass,Ground,95,109,105,75,85,56,525,Overgrow,,Shell Armor,,310,RU,RU,
infernape,Infernape,초염몽,392,Infernape,,0,,Fire,Fighting,76,104,71,104,71,108,534,Blaze,,Iron Fist,,55,UU,UU,
empoleon,Empoleon,엠페르트,395,Empoleon,,0,,Water,Steel,84,86,88,111,101,60,530,Torrent,,Competitive,,84.5,UU,UU,
staraptor,Staraptor,찌르호크,398,Staraptor,,0,,Normal,Flying,85,120,70,50,60,100,485,Intimidate,,Reckless,,24.9,RU,RU,
staraptormega,Staraptor-Mega,메가찌르호크,398,Staraptor,Mega,1,Staraptite,Fighting,Flying,85,140,100,60,90,110,585,Contrary,,,,50,OU,OU,
luxray,Luxray,렌트라,405,Luxray,,0,,Electric,,80,120,79,95,79,70,523,Rivalry,Intimidate,Guts,,42,RU,RU,
roserade,Roserade,로즈레이드,407,Roserade,,0,,Grass,Poison,60,70,65,125,105,90,515,Natural Cure,Poison Point,Technician,,14.5,UU,UU,
rampardos,Rampardos,램펄드,409,Rampardos,,0,,Rock,,97,165,60,65,50,58,495,Mold Breaker,,Sheer Force,,102.5,RU,RU,
bastiodon,Bastiodon,바리톱스,411,Bastiodon,,0,,Rock,Steel,60,52,168,47,138,30,495,Sturdy,,Soundproof,,149.5,RU,RU,
lopunny,Lopunny,이어롭,428,Lopunny,,0,,Normal,,65,76,84,54,96,105,480,Cute Charm,Klutz,Limber,,33.3,RU,RU,
lopunnymega,Lopunny-Mega,메가이어롭,428,Lopunny,Mega,1,Lopunnite,Normal,Fighting,65,136,94,54,96,135,580,Scrappy,,,,28.3,OU,OU,
spiritomb,Spiritomb,화강돌,442,Spiritomb,,0,,Ghost,Dark,50,92,108,92,108,35,485,Pressure,,Infiltrator,,108,RU,RU,
garchomp,Garchomp,한카리아스,445,Garchomp,,0,,Dragon,Ground,108,130,95,80,85,102,600,Sand Veil,,Rough Skin,,95,OU,OU,
garchompmega,Garchomp-Mega,메가한카리아스,445,Garchomp,Mega,1,Garchompite,Dragon,Ground,108,170,115,120,95,92,700,Sand Force,,,,95,(OU),(OU),
garchompmegaz,Garchomp-Mega-Z,메가한카리아스Z,445,Garchomp,Mega-Z,1,Garchompite Z,Dragon,,108,130,85,141,85,151,700,Levitate,,,,99,OU,OU,
lucario,Lucario,루카리오,448,Lucario,,0,,Fighting,Steel,70,110,70,115,70,90,525,Steadfast,Inner Focus,Justified,,54,RU,RU,
lucariomega,Lucario-Mega,메가루카리오,448,Lucario,Mega,1,Lucarionite,Fighting,Steel,70,145,88,140,70,112,625,Adaptability,,,,57.5,Uber,Uber,
lucariomegaz,Lucario-Mega-Z,메가루카리오Z,448,Lucario,Mega-Z,1,Lucarionite Z,Fighting,Steel,70,100,70,164,70,151,625,Aura Guard,,,,49.4,Uber,Uber,
hippowdon,Hippowdon,하마돈,450,Hippowdon,,0,,Ground,,108,112,118,68,72,47,525,Sand Stream,,Sand Force,,300,UU,UU,
toxicroak,Toxicroak,독개굴,454,Toxicroak,,0,,Poison,Fighting,83,106,65,86,65,85,490,Anticipation,Dry Skin,Poison Touch,,44.4,RU,RU,
abomasnow,Abomasnow,눈설왕,460,Abomasnow,,0,,Grass,Ice,90,92,75,92,85,60,494,Snow Warning,,Soundproof,,135.5,RU,RU,
abomasnowmega,Abomasnow-Mega,메가눈설왕,460,Abomasnow,Mega,1,Abomasite,Grass,Ice,90,132,105,132,105,30,594,Snow Warning,,,,185,RU,RU,
weavile,Weavile,포푸니라,461,Weavile,,0,,Dark,Ice,70,120,65,45,85,125,510,Pressure,,Pickpocket,,34,UU,UU,
rhyperior,Rhyperior,거대코뿌리,464,Rhyperior,,0,,Ground,Rock,115,140,130,55,55,40,535,Lightning Rod,Solid Rock,Reckless,,282.8,UU,UU,
leafeon,Leafeon,리피아,470,Leafeon,,0,,Grass,,65,110,130,60,65,95,525,Leaf Guard,,Chlorophyll,,25.5,RU,RU,
glaceon,Glaceon,글레이시아,471,Glaceon,,0,,Ice,,65,60,110,130,95,65,525,Snow Cloak,,Ice Body,,25.9,RU,RU,
gliscor,Gliscor,글라이온,472,Gliscor,,0,,Ground,Flying,75,95,125,45,75,95,510,Hyper Cutter,Sand Veil,Poison Heal,,42.5,UU,UU,
mamoswine,Mamoswine,맘모꾸리,473,Mamoswine,,0,,Ice,Ground,110,130,80,70,60,80,530,Oblivious,Snow Cloak,Thick Fat,,291,UU,UU,
gallade,Gallade,엘레이드,475,Gallade,,0,,Psychic,Fighting,68,125,65,65,115,80,518,Steadfast,Sharpness,Justified,,52,UU,UU,
gallademega,Gallade-Mega,메가엘레이드,475,Gallade,Mega,1,Galladite,Psychic,Fighting,68,165,95,65,115,110,618,Inner Focus,,,,56.4,UU,UU,
froslass,Froslass,눈여아,478,Froslass,,0,,Ice,Ghost,70,80,70,80,70,110,480,Snow Cloak,,Cursed Body,,26.6,RU,RU,
froslassmega,Froslass-Mega,메가눈여아,478,Froslass,Mega,1,Froslassite,Ice,Ghost,70,80,70,140,100,120,580,Snow Warning,,,,29.6,UUBL,UUBL,
rotom,Rotom,로토무,479,Rotom,,0,,Electric,Ghost,50,50,77,95,77,91,440,Levitate,,,,0.3,RU,RU,
rotomheat,Rotom-Heat,로토무-히트,479,Rotom,Heat,0,,Electric,Fire,50,65,107,105,107,86,520,Levitate,,,,0.3,UU,UU,
rotomwash,Rotom-Wash,로토무-워시,479,Rotom,Wash,0,,Electric,Water,50,65,107,105,107,86,520,Levitate,,,,0.3,OU,OU,
rotomfrost,Rotom-Frost,로토무-프로스트,479,Rotom,Frost,0,,Electric,Ice,50,65,107,105,107,86,520,Levitate,,,,0.3,RU,RU,
rotomfan,Rotom-Fan,로토무-스핀,479,Rotom,Fan,0,,Electric,Flying,50,65,107,105,107,86,520,Levitate,,,,0.3,RU,RU,
rotommow,Rotom-Mow,로토무-커트,479,Rotom,Mow,0,,Electric,Grass,50,65,107,105,107,86,520,Levitate,,,,0.3,UU,UU,
serperior,Serperior,샤로다,497,Serperior,,0,,Grass,,75,75,95,75,95,113,528,Overgrow,,Contrary,,63,UU,UU,
emboar,Emboar,염무왕,500,Emboar,,0,,Fire,Fighting,110,123,65,100,65,65,528,Blaze,,Reckless,,150,RU,RU,
emboarmega,Emboar-Mega,메가염무왕,500,Emboar,Mega,1,Emboarite,Fire,Fighting,110,148,75,110,110,75,628,Mold Breaker,,,,180.3,RU,RU,
samurott,Samurott,대검귀,503,Samurott,,0,,Water,,95,100,85,108,70,70,528,Torrent,,Shell Armor,,94.6,RU,RU,
samurotthisui,Samurott-Hisui,대검귀-히스이,503,Samurott,Hisui,0,,Water,Dark,90,108,80,100,65,85,528,Torrent,,Sharpness,,58.2,OU,OU,
watchog,Watchog,보르그,505,Watchog,,0,,Normal,,60,85,69,60,69,77,420,Illuminate,Keen Eye,Analytic,,27,RU,RU,
liepard,Liepard,레파르다스,510,Liepard,,0,,Dark,,64,88,50,88,50,106,446,Limber,Unburden,Prankster,,37.5,RU,RU,
simisage,Simisage,야나키,512,Simisage,,0,,Grass,,75,98,63,98,63,101,498,Gluttony,,Overgrow,,30.5,RU,RU,
simisear,Simisear,바오키,514,Simisear,,0,,Fire,,75,98,63,98,63,101,498,Gluttony,,Blaze,,28,RU,RU,
simipour,Simipour,앗차키,516,Simipour,,0,,Water,,75,98,63,98,63,101,498,Gluttony,,Torrent,,29,RU,RU,
musharna,Musharna,몽얌나,518,Musharna,,0,,Psychic,,116,55,85,107,95,29,487,Forewarn,Synchronize,Telepathy,,60.5,RU,RU,
excadrill,Excadrill,몰드류,530,Excadrill,,0,,Ground,Steel,110,135,60,50,65,88,508,Sand Rush,Sand Force,Mold Breaker,,40.4,OU,OU,
excadrillmega,Excadrill-Mega,메가몰드류,530,Excadrill,Mega,1,Excadrite,Ground,Steel,110,165,100,65,65,103,608,Piercing Drill,,,,60,(OU),(OU),
audino,Audino,다부니,531,Audino,,0,,Normal,,103,60,86,60,86,50,445,Healer,Regenerator,Klutz,,31,RU,RU,
audinomega,Audino-Mega,메가다부니,531,Audino,Mega,1,Audinite,Normal,Fairy,103,60,126,80,126,50,545,Healer,,,,32,RU,RU,
conkeldurr,Conkeldurr,노보청,534,Conkeldurr,,0,,Fighting,,105,140,95,55,65,45,505,Guts,Sheer Force,Iron Fist,,87,UU,UU,
scolipede,Scolipede,펜드라,545,Scolipede,,0,,Bug,Poison,60,100,89,55,69,112,485,Poison Point,Swarm,Speed Boost,,200.5,RU,RU,
scolipedemega,Scolipede-Mega,메가펜드라,545,Scolipede,Mega,1,Scolipite,Bug,Poison,60,140,149,75,99,62,585,Shell Armor,,,,230.5,RU,RU,
whimsicott,Whimsicott,엘풍,547,Whimsicott,,0,,Grass,Fairy,60,67,85,77,75,116,480,Prankster,Infiltrator,Chlorophyll,,6.6,RU,RU,
krookodile,Krookodile,악비아르,553,Krookodile,,0,,Ground,Dark,95,117,80,65,70,92,519,Intimidate,Moxie,Anger Point,,96.3,UU,UU,
scrafty,Scrafty,곤율거니,560,Scrafty,,0,,Dark,Fighting,65,90,115,45,115,58,488,Shed Skin,Moxie,Intimidate,,30,RU,RU,
scraftymega,Scrafty-Mega,메가곤율거니,560,Scrafty,Mega,1,Scraftinite,Dark,Fighting,65,130,135,55,135,68,588,Intimidate,,,,31,RU,RU,
cofagrigus,Cofagrigus,데스니칸,563,Cofagrigus,,0,,Ghost,,58,50,145,95,105,30,483,Mummy,,,,76.5,UU,UU,
garbodor,Garbodor,더스트나,569,Garbodor,,0,,Poison,,80,95,82,60,82,75,474,Stench,Weak Armor,Aftermath,,107.3,RU,RU,
zoroark,Zoroark,조로아크,571,Zoroark,,0,,Dark,,60,105,60,120,60,105,510,Illusion,,,,81.1,RU,RU,
zoroarkhisui,Zoroark-Hisui,조로아크-히스이,571,Zoroark,Hisui,0,,Normal,Ghost,55,100,60,125,60,110,510,Illusion,,,,73,UU,UU,
reuniclus,Reuniclus,란쿨루스,579,Reuniclus,,0,,Psychic,,110,65,75,125,85,30,490,Overcoat,Magic Guard,Regenerator,,20.1,RU,RU,
vanilluxe,Vanilluxe,배바닐라,584,Vanilluxe,,0,,Ice,,71,95,85,110,95,79,535,Ice Body,Snow Warning,Weak Armor,,57.5,RU,RU,
emolga,Emolga,에몽가,587,Emolga,,0,,Electric,Flying,55,75,60,75,60,103,428,Static,,Motor Drive,,5,RU,RU,
eelektross,Eelektross,저리더프,604,Eelektross,,0,,Electric,,85,115,80,105,80,50,515,Levitate,,,,80.5,RU,RU,
eelektrossmega,Eelektross-Mega,메가저리더프,604,Eelektross,Mega,1,Eelektrossite,Electric,,85,145,80,135,90,80,615,Eelevate,,,,180,RU,RU,
chandelure,Chandelure,샹델라,609,Chandelure,,0,,Ghost,Fire,60,55,90,145,90,80,520,Flash Fire,Flame Body,Infiltrator,,34.3,RU,RU,
chandeluremega,Chandelure-Mega,메가샹델라,609,Chandelure,Mega,1,Chandelurite,Ghost,Fire,60,75,110,175,110,90,620,Infiltrator,,,,69.6,RU,RU,
beartic,Beartic,툰베어,614,Beartic,,0,,Ice,,95,130,80,70,80,50,505,Snow Cloak,Slush Rush,Swift Swim,,260,RU,RU,
stunfisk,Stunfisk,메더,618,Stunfisk,,0,,Ground,Electric,109,66,84,81,99,32,471,Static,Limber,Sand Veil,,11,RU,RU,
stunfiskgalar,Stunfisk-Galar,메더-가라르,618,Stunfisk,Galar,0,,Ground,Steel,109,81,99,66,84,32,471,Mimicry,,,,20.5,RU,RU,
golurk,Golurk,골루그,623,Golurk,,0,,Ground,Ghost,89,124,80,55,80,55,483,Iron Fist,Klutz,No Guard,,330,RU,RU,
golurkmega,Golurk-Mega,메가골루그,623,Golurk,Mega,1,Golurkite,Ground,Ghost,89,159,105,70,105,55,583,Unseen Fist,,,,330,RU,RU,
hydreigon,Hydreigon,삼삼드래,635,Hydreigon,,0,,Dark,Dragon,92,105,90,125,90,98,600,Levitate,,,,160,OU,OU,
volcarona,Volcarona,불카모스,637,Volcarona,,0,,Bug,Fire,85,60,65,135,105,100,550,Flame Body,,Swarm,,46,OU,OU,
chesnaught,Chesnaught,브리가론,652,Chesnaught,,0,,Grass,Fighting,88,107,122,74,75,64,530,Overgrow,,Bulletproof,,90,RU,RU,
chesnaughtmega,Chesnaught-Mega,메가브리가론,652,Chesnaught,Mega,1,Chesnaughtite,Grass,Fighting,88,137,172,74,115,44,630,Bulletproof,,,,90,RU,RU,
delphox,Delphox,마폭시,655,Delphox,,0,,Fire,Psychic,75,69,72,114,100,104,534,Blaze,,Magician,,39,RU,RU,
delphoxmega,Delphox-Mega,메가마폭시,655,Delphox,Mega,1,Delphoxite,Fire,Psychic,75,69,72,159,125,134,634,Levitate,,,,39,OU,OU,
greninja,Greninja,개굴닌자,658,Greninja,,0,,Water,Dark,72,95,67,103,71,122,530,Torrent,,Protean,Battle Bond,40,UU,UU,
greninjamega,Greninja-Mega,메가개굴닌자,658,Greninja,Mega,1,Greninjite,Water,Dark,72,125,77,133,81,142,630,Protean,,,,40,UU,UU,
diggersby,Diggersby,파르토,660,Diggersby,,0,,Normal,Ground,85,56,77,50,77,78,423,Pickup,Cheek Pouch,Huge Power,,42.4,UU,UU,
talonflame,Talonflame,파이어로,663,Talonflame,,0,,Fire,Flying,78,81,71,74,69,126,499,Flame Body,,Gale Wings,,24.5,UU,UU,
vivillon,Vivillon,비비용,666,Vivillon,,0,,Bug,Flying,80,52,50,90,50,89,411,Shield Dust,Compound Eyes,Friend Guard,,17,RU,RU,
pyroar,Pyroar,화염레오,668,Pyroar,,0,,Fire,Normal,86,68,72,109,66,106,507,Rivalry,Unnerve,Moxie,,81.5,RU,RU,
pyroarmega,Pyroar-Mega,메가화염레오,668,Pyroar,Mega,1,Pyroarite,Fire,Normal,86,88,92,129,86,126,607,Fire Mane,,,,93.3,RU,RU,
floetteeternal,Floette-Eternal,플라엣테-영원의꽃,670,Floette,Eternal,0,,Fairy,,74,65,67,125,128,92,551,Flower Veil,,Symbiosis,,0.9,UU,UU,
floettemega,Floette-Mega,메가플라엣테,670,Floette,Mega,1,Floettite,Fairy,,74,85,87,155,148,102,651,Fairy Aura,,,,100.8,OU,OU,
florges,Florges,플라제스,671,Florges,,0,,Fairy,,78,65,68,112,154,75,552,Flower Veil,,Symbiosis,,10,RU,RU,
gogoat,Gogoat,고고트,673,Gogoat,,0,,Grass,,123,100,62,97,81,68,531,Sap Sipper,,Grass Pelt,,91,OU,OU,
pangoro,Pangoro,부란다,675,Pangoro,,0,,Fighting,Dark,95,124,78,69,71,58,495,Iron Fist,Mold Breaker,Scrappy,,136,UU,UU,
furfrou,Furfrou,트리미앙,676,Furfrou,,0,,Normal,,75,80,60,65,90,102,472,Fur Coat,,,,28,RU,RU,
meowstic,Meowstic,냐오닉스-수컷,678,Meowstic,,0,,Psychic,,74,48,76,83,81,104,466,Keen Eye,Infiltrator,Prankster,,8.5,RU,RU,
meowsticf,Meowstic-F,냐오닉스-암컷,678,Meowstic,F,0,,Psychic,,74,48,76,83,81,104,466,Keen Eye,Infiltrator,Competitive,,8.5,RU,RU,
meowsticmmega,Meowstic-M-Mega,메가냐오닉스(수컷),678,Meowstic,M-Mega,1,Meowsticite,Psychic,,74,48,76,143,101,124,566,Trace,,,,10.1,RU,RU,
meowsticfmega,Meowstic-F-Mega,메가냐오닉스(암컷),678,Meowstic,F-Mega,1,Meowsticite,Psychic,,74,48,76,143,101,124,566,Trace,,,,10.1,RU,RU,
aegislash,Aegislash,킬가르도,681,Aegislash,,0,,Steel,Ghost,60,50,140,50,140,60,500,Stance Change,,,,53,OU,OU,
aromatisse,Aromatisse,프레프티르,683,Aromatisse,,0,,Fairy,,101,72,72,99,89,29,462,Healer,,Aroma Veil,,15.5,RU,RU,
slurpuff,Slurpuff,나루림,685,Slurpuff,,0,,Fairy,,82,80,86,85,75,72,480,Sweet Veil,,Unburden,,5,UU,UU,
malamar,Malamar,칼라마네로,687,Malamar,,0,,Dark,Psychic,86,92,88,68,75,73,482,Contrary,Suction Cups,Infiltrator,,47,RU,RU,
malamarmega,Malamar-Mega,메가칼라마네로,687,Malamar,Mega,1,Malamarite,Dark,Psychic,86,102,88,98,120,88,582,Contrary,,,,69.8,RU,RU,
barbaracle,Barbaracle,거북손데스,689,Barbaracle,,0,,Rock,Water,72,105,115,54,86,68,500,Tough Claws,Sniper,Pickpocket,,96,RU,RU,
barbaraclemega,Barbaracle-Mega,메가거북손데스,689,Barbaracle,Mega,1,Barbaracite,Rock,Fighting,72,140,130,64,106,88,600,Tough Claws,,,,100,UUBL,UUBL,
dragalge,Dragalge,드래캄,691,Dragalge,,0,,Poison,Dragon,65,75,90,97,123,44,494,Poison Point,Poison Touch,Adaptability,,81.5,RU,RU,
dragalgemega,Dragalge-Mega,메가드래캄,691,Dragalge,Mega,1,Dragalgite,Poison,Dragon,65,85,105,132,163,44,594,Regenerator,,,,100.3,OU,OU,
clawitzer,Clawitzer,블로스터,693,Clawitzer,,0,,Water,,71,73,88,120,89,59,500,Mega Launcher,,,,35.3,RU,RU,
heliolisk,Heliolisk,일레도리자드,695,Heliolisk,,0,,Electric,Normal,62,55,52,109,94,109,481,Dry Skin,Sand Veil,Solar Power,,21,UU,UU,
tyrantrum,Tyrantrum,견고라스,697,Tyrantrum,,0,,Rock,Dragon,82,121,119,69,59,71,521,Strong Jaw,,Rock Head,,270,RU,RU,
aurorus,Aurorus,아마루르가,699,Aurorus,,0,,Rock,Ice,123,77,72,99,92,58,521,Refrigerate,,Snow Warning,,225,UU,UU,
sylveon,Sylveon,님피아,700,Sylveon,,0,,Fairy,,95,65,65,110,130,60,525,Cute Charm,,Pixilate,,23.5,UU,UU,
hawlucha,Hawlucha,루차불,701,Hawlucha,,0,,Fighting,Flying,78,92,75,74,63,118,500,Limber,Unburden,Mold Breaker,,21.5,UU,UU,
hawluchamega,Hawlucha-Mega,메가루차불,701,Hawlucha,Mega,1,Hawluchanite,Fighting,Flying,78,137,100,74,93,118,600,No Guard,,,,25,UU,UU,
dedenne,Dedenne,데덴네,702,Dedenne,,0,,Electric,Fairy,67,58,57,81,67,101,431,Cheek Pouch,Pickup,Plus,,2.2,RU,RU,
goodra,Goodra,미끄래곤,706,Goodra,,0,,Dragon,,90,100,70,110,150,80,600,Sap Sipper,Hydration,Gooey,,150.5,RU,RU,
goodrahisui,Goodra-Hisui,미끄래곤-히스이,706,Goodra,Hisui,0,,Steel,Dragon,80,100,100,110,150,60,600,Sap Sipper,Shell Armor,Gooey,,334.1,UU,UU,
klefki,Klefki,클레피,707,Klefki,,0,,Steel,Fairy,57,80,91,80,87,75,470,Prankster,,Magician,,3,UU,UU,
trevenant,Trevenant,대로트,709,Trevenant,,0,,Ghost,Grass,85,110,76,65,82,56,474,Natural Cure,Frisk,Harvest,,71,RU,RU,
gourgeist,Gourgeist,펌킨인-중과종,711,Gourgeist,,0,,Ghost,Grass,65,90,122,58,75,84,494,Pickup,Frisk,Insomnia,,12.5,RU,RU,
gourgeistsmall,Gourgeist-Small,펌킨인-소과종,711,Gourgeist,Small,0,,Ghost,Grass,55,85,122,58,75,99,494,Pickup,Frisk,Insomnia,,9.5,RU,RU,
gourgeistlarge,Gourgeist-Large,펌킨인-대과종,711,Gourgeist,Large,0,,Ghost,Grass,75,95,122,58,75,69,494,Pickup,Frisk,Insomnia,,14,RU,RU,
gourgeistsuper,Gourgeist-Super,펌킨인-특대과종,711,Gourgeist,Super,0,,Ghost,Grass,85,100,122,58,75,54,494,Pickup,Frisk,Insomnia,,39,RU,RU,
avalugg,Avalugg,크레베이스,713,Avalugg,,0,,Ice,,95,117,184,44,46,28,514,Own Tempo,Ice Body,Sturdy,,505,RU,RU,
avalugghisui,Avalugg-Hisui,크레베이스-히스이,713,Avalugg,Hisui,0,,Ice,Rock,95,127,184,34,36,38,514,Strong Jaw,Ice Body,Sturdy,,262.4,RU,RU,
noivern,Noivern,음번,715,Noivern,,0,,Flying,Dragon,85,70,80,97,80,123,535,Frisk,Infiltrator,Telepathy,,85,UU,UU,
decidueye,Decidueye,모크나이퍼,724,Decidueye,,0,,Grass,Ghost,78,107,75,100,100,70,530,Overgrow,,Long Reach,,36.6,RU,RU,
decidueyehisui,Decidueye-Hisui,모크나이퍼-히스이,724,Decidueye,Hisui,0,,Grass,Fighting,88,112,80,95,95,60,530,Overgrow,,Scrappy,,37,UU,UU,
incineroar,Incineroar,어흥염,727,Incineroar,,0,,Fire,Dark,95,115,90,80,90,60,530,Blaze,,Intimidate,,83,RU,RU,
primarina,Primarina,누리레느,730,Primarina,,0,,Water,Fairy,80,74,74,126,116,60,530,Torrent,,Liquid Voice,,44,OU,OU,
toucannon,Toucannon,왕큰부리,733,Toucannon,,0,,Normal,Flying,80,120,75,75,75,60,485,Keen Eye,Skill Link,Sheer Force,,26,RU,RU,
crabominable,Crabominable,모단단게,740,Crabominable,,0,,Fighting,Ice,97,132,77,62,67,43,478,Hyper Cutter,Iron Fist,Anger Point,,180,RU,RU,
crabominablemega,Crabominable-Mega,메가모단단게,740,Crabominable,Mega,1,Crabominite,Fighting,Ice,97,157,122,62,107,33,578,Iron Fist,,,,252.8,UU,UU,
lycanroc,Lycanroc,루가루암-한낮의 모습,745,Lycanroc,,0,,Rock,,75,115,65,55,65,112,487,Keen Eye,Sand Rush,Steadfast,,25,RU,RU,
lycanrocmidnight,Lycanroc-Midnight,루가루암-한밤중의 모습,745,Lycanroc,Midnight,0,,Rock,,85,115,75,55,75,82,487,Keen Eye,Vital Spirit,No Guard,,25,RU,RU,
lycanrocdusk,Lycanroc-Dusk,루가루암-황혼의 모습,745,Lycanroc,Dusk,0,,Rock,,75,117,65,55,65,110,487,Tough Claws,,,,25,RU,RU,
toxapex,Toxapex,더시마사리,748,Toxapex,,0,,Poison,Water,50,63,152,53,142,35,495,Merciless,Limber,Regenerator,,14.5,OU,OU,
mudsdale,Mudsdale,만마드,750,Mudsdale,,0,,Ground,,100,125,100,55,85,35,500,Own Tempo,Stamina,Inner Focus,,920,UU,UU,
araquanid,Araquanid,깨비물거미,752,Araquanid,,0,,Water,Bug,68,70,92,50,132,42,454,Water Bubble,,Water Absorb,,82,OU,OU,
salazzle,Salazzle,염뉴트,758,Salazzle,,0,,Poison,Fire,68,64,60,111,60,117,480,Corrosion,,Oblivious,,22.2,RU,RU,
tsareena,Tsareena,달코퀸,763,Tsareena,,0,,Grass,,72,120,98,50,98,72,510,Leaf Guard,Queenly Majesty,Sweet Veil,,21.4,UU,UU,
oranguru,Oranguru,하랑우탄,765,Oranguru,,0,,Normal,Psychic,90,60,80,90,110,60,490,Inner Focus,Telepathy,Symbiosis,,76,RU,RU,
passimian,Passimian,내던숭이,766,Passimian,,0,,Fighting,,100,120,90,40,60,80,490,Receiver,,Defiant,,82.8,RU,RU,
golisopod,Golisopod,갑주무사,768,Golisopod,,0,,Bug,Water,75,125,140,60,90,40,530,Emergency Exit,,,,108,OU,OU,
golisopodmega,Golisopod-Mega,메가갑주무사,768,Golisopod,Mega,1,Golisopite,Bug,Steel,75,150,175,70,120,40,630,Tough Claws,,,,148,OU,OU,
mimikyu,Mimikyu,따라큐,778,Mimikyu,,0,,Ghost,Fairy,55,90,80,50,105,96,476,Disguise,,,,0.7,UU,UU,
drampa,Drampa,할비롱,780,Drampa,,0,,Normal,Dragon,78,60,85,135,91,36,485,Berserk,Sap Sipper,Cloud Nine,,185,RU,RU,
drampamega,Drampa-Mega,메가할비롱,780,Drampa,Mega,1,Drampanite,Normal,Dragon,78,85,110,160,116,36,585,Berserk,,,,240.5,RU,RU,
kommoo,Kommo-o,짜랑고우거,784,Kommo-o,,0,,Dragon,Fighting,75,110,125,100,105,85,600,Bulletproof,Soundproof,Overcoat,,78.2,UU,UU,
rillaboom,Rillaboom,고릴타,812,Rillaboom,,0,,Grass,,100,125,90,60,70,85,530,Overgrow,,Grassy Surge,,90,OU,OU,
cinderace,Cinderace,에이스번,815,Cinderace,,0,,Fire,,80,116,75,65,75,119,530,Blaze,,Libero,,33,OU,OU,
inteleon,Inteleon,인텔리레온,818,Inteleon,,0,,Water,,70,85,65,125,65,120,530,Torrent,,Sniper,,45.2,OU,OU,
corviknight,Corviknight,아머까오,823,Corviknight,,0,,Flying,Steel,98,87,105,53,85,67,495,Pressure,Unnerve,Mirror Armor,,75,OU,OU,
thievul,Thievul,폭슬라이,828,Thievul,,0,,Dark,,70,58,58,87,92,90,455,Run Away,Unburden,Stakeout,,19.9,OU,OU,
flapple,Flapple,애프룡,841,Flapple,,0,,Grass,Dragon,70,110,80,95,60,70,485,Ripen,Gluttony,Hustle,,1,RU,RU,
appletun,Appletun,단지래플,842,Appletun,,0,,Grass,Dragon,110,85,80,100,80,30,485,Ripen,Gluttony,Thick Fat,,13,RU,RU,
sandaconda,Sandaconda,사다이사,844,Sandaconda,,0,,Ground,,72,107,125,65,70,71,510,Sand Spit,Shed Skin,Sand Veil,,65.5,RU,RU,
toxtricity,Toxtricity,스트린더-하이한 모습,849,Toxtricity,,0,,Electric,Poison,75,98,70,114,70,75,502,Punk Rock,Plus,Technician,,40,OU,OU,
toxtricitylowkey,Toxtricity-Low-Key,스트린더-로우한 모습,849,Toxtricity,Low-Key,0,,Electric,Poison,75,98,70,114,70,75,502,Punk Rock,Minus,Technician,,40,OU,OU,
grapploct,Grapploct,케오퍼스,853,Grapploct,,0,,Fighting,,80,118,90,70,80,42,480,Limber,,Technician,,39,OU,OU,
polteageist,Polteageist,포트데스,855,Polteageist,,0,,Ghost,,60,65,65,134,114,70,508,Weak Armor,,Cursed Body,,0.4,UUBL,UUBL,
hatterene,Hatterene,브리무음,858,Hatterene,,0,,Psychic,Fairy,57,90,95,136,103,29,510,Healer,Anticipation,Magic Bounce,,5.1,OU,OU,
grimmsnarl,Grimmsnarl,오롱털,861,Grimmsnarl,,0,,Dark,Fairy,95,120,65,95,75,60,510,Prankster,Frisk,Pickpocket,,61,UU,UU,
perrserker,Perrserker,나이킹,863,Perrserker,,0,,Steel,,70,110,100,50,60,50,440,Battle Armor,Tough Claws,Steely Spirit,,28,OU,OU,
sirfetchd,Sirfetch’d,창파나이트,865,Sirfetch’d,,0,,Fighting,,62,135,95,68,82,65,507,Steadfast,,Scrappy,,117,OU,OU,
mrrime,Mr. Rime,마임꽁꽁,866,Mr. Rime,,0,,Ice,Psychic,80,85,75,110,100,70,520,Tangled Feet,Screen Cleaner,Ice Body,,58.2,RU,RU,
runerigus,Runerigus,데스판,867,Runerigus,,0,,Ground,Ghost,58,95,145,50,105,30,483,Wandering Spirit,,,,66.6,UU,UU,
alcremie,Alcremie,마휘핑,869,Alcremie,,0,,Fairy,,65,60,75,110,121,64,495,Sweet Veil,,Aroma Veil,,0.5,RU,RU,
falinks,Falinks,대여르,870,Falinks,,0,,Fighting,,65,100,100,70,60,75,470,Battle Armor,,Defiant,,62,RU,RU,
falinksmega,Falinks-Mega,메가대여르,870,Falinks,Mega,1,Falinksite,Fighting,,65,135,135,70,65,100,570,Defiant,,,,99,RU,RU,
pincurchin,Pincurchin,찌르성게,871,Pincurchin,,0,,Electric,,48,101,95,91,85,15,435,Lightning Rod,,Electric Surge,,1,OU,OU,
indeedee,Indeedee,에써르-수컷,876,Indeedee,,0,,Psychic,Normal,60,65,55,105,95,95,475,Inner Focus,Synchronize,Psychic Surge,,28,OU,OU,
indeedeef,Indeedee-F,에써르-암컷,876,Indeedee,F,0,,Psychic,Normal,70,55,65,95,105,85,475,Own Tempo,Synchronize,Psychic Surge,,28,OU,OU,
morpeko,Morpeko,모르페코,877,Morpeko,,0,,Electric,Dark,58,95,58,70,58,97,436,Hunger Switch,,,,3,RU,RU,
dragapult,Dragapult,드래펄트,887,Dragapult,,0,,Dragon,Ghost,88,120,75,100,75,142,600,Clear Body,Infiltrator,Cursed Body,,50,OU,OU,
wyrdeer,Wyrdeer,신비록,899,Wyrdeer,,0,,Normal,Psychic,103,105,72,105,75,65,525,Intimidate,Frisk,Sap Sipper,,95.1,RU,RU,
kleavor,Kleavor,사마자르,900,Kleavor,,0,,Bug,Rock,70,135,95,45,70,85,500,Swarm,Sheer Force,Sharpness,,89,UU,UU,
basculegion,Basculegion,대쓰여너-수컷,902,Basculegion,,0,,Water,Ghost,120,112,65,80,75,78,530,Swift Swim,Adaptability,Mold Breaker,,110,OU,OU,
basculegionf,Basculegion-F,대쓰여너-암컷,902,Basculegion,F,0,,Water,Ghost,120,92,65,100,75,78,530,Swift Swim,Adaptability,Mold Breaker,,110,UU,UU,
sneasler,Sneasler,포푸니크,903,Sneasler,,0,,Fighting,Poison,80,130,60,40,80,120,510,Pressure,Unburden,Poison Touch,,43,OU,OU,
overqwil,Overqwil,장침바루,904,Overqwil,,0,,Dark,Poison,85,115,95,65,65,85,510,Poison Point,Swift Swim,Intimidate,,60.5,UU,UU,
meowscarada,Meowscarada,마스카나,908,Meowscarada,,0,,Grass,Dark,76,110,70,81,70,123,530,Overgrow,,Protean,,31.2,OU,OU,
skeledirge,Skeledirge,라우드본,911,Skeledirge,,0,,Fire,Ghost,104,75,100,110,75,66,530,Blaze,,Unaware,,326.5,UU,UU,
quaquaval,Quaquaval,웨이니발,914,Quaquaval,,0,,Water,Fighting,85,120,80,85,75,85,530,Torrent,,Moxie,,61.9,OU,OU,
pawmot,Pawmot,빠르모트,923,Pawmot,,0,,Electric,Fighting,70,115,70,70,60,105,490,Volt Absorb,Natural Cure,Iron Fist,,41,OU,OU,
mausholdfour,Maushold-Four,파밀리쥐,925,Maushold,Four,0,,Normal,,74,75,70,65,75,111,470,Friend Guard,Cheek Pouch,Technician,,2.3,UU,UU,
arboliva,Arboliva,올리르바,930,Arboliva,,0,,Grass,Normal,78,69,90,125,109,39,510,Seed Sower,,Harvest,,48.2,OU,OU,
squawkabilly,Squawkabilly,시비꼬-그린·블루 페더,931,Squawkabilly,,0,,Normal,Flying,82,96,51,45,51,92,417,Intimidate,Hustle,Guts,,2.4,OU,OU,
squawkabillyyellow,Squawkabilly-Yellow,시비꼬-옐로·화이트 페더,931,Squawkabilly,Yellow,0,,Normal,Flying,82,96,51,45,51,92,417,Intimidate,Hustle,Sheer Force,,2.4,OU,OU,
garganacl,Garganacl,콜로솔트,934,Garganacl,,0,,Rock,,100,100,130,45,90,35,500,Purifying Salt,Sturdy,Clear Body,,240,RU,RU,
armarouge,Armarouge,카디나르마,936,Armarouge,,0,,Fire,Psychic,85,60,100,125,80,75,525,Flash Fire,,Weak Armor,,85,RU,RU,
ceruledge,Ceruledge,파라블레이즈,937,Ceruledge,,0,,Fire,Ghost,75,125,80,60,100,85,525,Flash Fire,,Weak Armor,,62,OU,OU,
bellibolt,Bellibolt,찌리배리,939,Bellibolt,,0,,Electric,,109,64,91,103,83,45,495,Electromorphosis,Static,Damp,,113,UU,UU,
mabosstiff,Mabosstiff,마피티프,943,Mabosstiff,,0,,Dark,,80,120,90,60,70,85,505,Intimidate,Guard Dog,Stakeout,,61,OU,OU,
scovillain,Scovillain,스코빌런,952,Scovillain,,0,,Grass,Fire,65,108,65,108,65,75,486,Chlorophyll,Insomnia,Moody,,15,RU,RU,
scovillainmega,Scovillain-Mega,메가스코빌런,952,Scovillain,Mega,1,Scovillainite,Grass,Fire,65,138,85,138,85,75,586,Spicy Spray,,,,22,RU,RU,
espathra,Espathra,클레스퍼트라,956,Espathra,,0,,Psychic,,95,60,60,101,60,105,481,Opportunist,Frisk,Speed Boost,,90,UUBL,UUBL,
tinkaton,Tinkaton,두드리짱,959,Tinkaton,,0,,Fairy,Steel,85,75,77,70,105,94,506,Mold Breaker,Own Tempo,Pickpocket,,112.8,UU,UU,
palafin,Palafin,돌핀맨,964,Palafin,,0,,Water,,100,70,72,53,62,100,457,Zero to Hero,,,,60.2,Uber,Uber,
orthworm,Orthworm,꿈트렁,968,Orthworm,,0,,Steel,,70,85,145,60,55,65,480,Earth Eater,,Sand Veil,,310,RU,RU,
glimmora,Glimmora,킬라플로르,970,Glimmora,,0,,Rock,Poison,83,55,90,130,81,86,525,Toxic Debris,,Corrosion,,45,OU,OU,
glimmoramega,Glimmora-Mega,메가킬라플로르,970,Glimmora,Mega,1,Glimmoranite,Rock,Poison,83,90,105,150,96,101,625,Adaptability,,,,77,(OU),(OU),
houndstone,Houndstone,묘두기,972,Houndstone,,0,,Ghost,,72,101,100,50,97,68,488,Sand Rush,,Fluffy,,15,UU,UU,
annihilape,Annihilape,저승갓숭,979,Annihilape,,0,,Fighting,Ghost,110,115,80,50,90,90,535,Vital Spirit,Inner Focus,Defiant,,56,OU,OU,
farigiraf,Farigiraf,키키링,981,Farigiraf,,0,,Normal,Psychic,120,90,70,110,70,60,520,Cud Chew,Armor Tail,Sap Sipper,,160,RU,RU,
kingambit,Kingambit,대도각참,983,Kingambit,,0,,Dark,Steel,100,135,120,60,85,50,550,Defiant,Supreme Overlord,Pressure,,120,OU,OU,
baxcalibur,Baxcalibur,드닐레이브,998,Baxcalibur,,0,,Dragon,Ice,115,145,92,75,86,87,600,Thermal Exchange,,Ice Body,,210,Uber,Uber,
baxcaliburmega,Baxcalibur-Mega,메가드닐레이브,998,Baxcalibur,Mega,1,Baxcalibrite,Dragon,Ice,115,175,117,105,101,87,700,Thermal Exchange,,,,315,Uber,Uber,
gholdengo,Gholdengo,타부자고,1000,Gholdengo,,0,,Steel,Ghost,87,60,95,133,91,84,550,Good as Gold,,,,30,Uber,Uber,
sinistcha,Sinistcha,그우린차,1013,Sinistcha,,0,,Grass,Ghost,71,60,106,121,80,70,508,Hospitality,,Heatproof,,2.2,UU,UU,
archaludon,Archaludon,브리두라스,1018,Archaludon,,0,,Steel,Dragon,90,105,130,125,65,85,600,Stamina,Sturdy,Stalwart,,60,OU,OU,
hydrapple,Hydrapple,과미드라,1019,Hydrapple,,0,,Grass,Dragon,106,80,110,120,80,44,540,Supersweet Syrup,Regenerator,Sticky Hold,,93,UU,UU,
