id,name,name_ko,short_desc
adaptability,Adaptability,적응력,
aerilate,Aerilate,스카이스킨,
aftermath,Aftermath,유폭,
analytic,Analytic,애널라이즈,
angerpoint,Anger Point,분노의경혈,
anticipation,Anticipation,위험예지,
armortail,Armor Tail,테일아머,
aromaveil,Aroma Veil,아로마베일,
battlearmor,Battle Armor,전투무장,
battlebond,Battle Bond,유대변화,
berserk,Berserk,발끈,
bigpecks,Big Pecks,부풀린가슴,
blaze,Blaze,맹화,
bulletproof,Bulletproof,방탄,
cheekpouch,Cheek Pouch,볼주머니,
chlorophyll,Chlorophyll,엽록소,
clearbody,Clear Body,클리어바디,
cloudnine,Cloud Nine,날씨부정,
competitive,Competitive,승기,
compoundeyes,Compound Eyes,복안,
contrary,Contrary,심술꾸러기,
corrosion,Corrosion,부식,
cudchew,Cud Chew,되새김질,
curiousmedicine,Curious Medicine,기묘한약,
cursedbody,Cursed Body,저주받은바디,
cutecharm,Cute Charm,헤롱헤롱바디,
damp,Damp,습기,
defiant,Defiant,오기,
disguise,Disguise,탈,
dragonize,Dragonize,드래곤스킨,
drizzle,Drizzle,잔비,
drought,Drought,가뭄,
dryskin,Dry Skin,건조피부,
earlybird,Early Bird,일찍기상,
eartheater,Earth Eater,흙먹기,
eelevate,Eelevate,천정부지,
effectspore,Effect Spore,포자,
electricsurge,Electric Surge,일렉트릭메이커,
electromorphosis,Electromorphosis,전기로바꾸기,
fairyaura,Fairy Aura,페어리오라,
filter,Filter,필터,
firemane,Fire Mane,불꽃의갈기,
flamebody,Flame Body,불꽃몸,
flashfire,Flash Fire,타오르는불꽃,
flowerveil,Flower Veil,플라워베일,
fluffy,Fluffy,복슬복슬,
forecast,Forecast,기분파,
forewarn,Forewarn,예지몽,
friendguard,Friend Guard,프렌드가드,
frisk,Frisk,통찰,
furcoat,Fur Coat,퍼코트,
galewings,Gale Wings,질풍날개,
gluttony,Gluttony,먹보,
goodasgold,Good as Gold,황금몸,
gooey,Gooey,미끈미끈,
guts,Guts,근성,
harvest,Harvest,수확,
healer,Healer,치유의마음,
heatproof,Heatproof,내열,
heavymetal,Heavy Metal,헤비메탈,
hospitality,Hospitality,대접,
hugepower,Huge Power,천하장사,
hungerswitch,Hunger Switch,꼬르륵스위치,
hustle,Hustle,의욕,
hydration,Hydration,촉촉바디,
hypercutter,Hyper Cutter,괴력집게,
icebody,Ice Body,아이스바디,
illuminate,Illuminate,발광,
illusion,Illusion,일루전,
immunity,Immunity,면역,
imposter,Imposter,괴짜,
infiltrator,Infiltrator,틈새포착,
innardsout,Innards Out,내용물분출,
innerfocus,Inner Focus,정신력,
insomnia,Insomnia,불면,
intimidate,Intimidate,위협,
ironfist,Iron Fist,철주먹,
justified,Justified,정의의마음,
keeneye,Keen Eye,날카로운눈,
klutz,Klutz,서투름,
leafguard,Leaf Guard,리프가드,
levitate,Levitate,부유,
lightmetal,Light Metal,라이트메탈,
lightningrod,Lightning Rod,피뢰침,
limber,Limber,유연,
liquidvoice,Liquid Voice,촉촉보이스,
longreach,Long Reach,원격,
magicbounce,Magic Bounce,매직미러,
magicguard,Magic Guard,매직가드,
magician,Magician,매지션,
magmaarmor,Magma Armor,마그마의무장,
marvelscale,Marvel Scale,이상한비늘,
megalauncher,Mega Launcher,메가런처,
megasol,Mega Sol,메가솔라,
merciless,Merciless,무도한행동,
mimicry,Mimicry,의태,
minus,Minus,마이너스,
mirrorarmor,Mirror Armor,미러아머,
moldbreaker,Mold Breaker,틀깨기,
moody,Moody,변덕쟁이,
motordrive,Motor Drive,전기엔진,
moxie,Moxie,자기과신,
multiscale,Multiscale,멀티스케일,
mummy,Mummy,미라,
naturalcure,Natural Cure,자연회복,
noguard,No Guard,노가드,
oblivious,Oblivious,둔감,
opportunist,Opportunist,편승,
overcoat,Overcoat,방진,
overgrow,Overgrow,심록,
owntempo,Own Tempo,마이페이스,
parentalbond,Parental Bond,부자유친,
pickpocket,Pickpocket,나쁜손버릇,
pickup,Pickup,픽업,
piercingdrill,Piercing Drill,관통드릴,
pixilate,Pixilate,페어리스킨,
plus,Plus,플러스,
poisonheal,Poison Heal,포이즌힐,
poisonpoint,Poison Point,독가시,
poisontouch,Poison Touch,독수,
prankster,Prankster,짓궂은마음,
pressure,Pressure,프레셔,
protean,Protean,변환자재,
purepower,Pure Power,순수한힘,
purifyingsalt,Purifying Salt,정화의소금,
queenlymajesty,Queenly Majesty,여왕의위엄,
quickdraw,Quick Draw,퀵드로,
quickfeet,Quick Feet,속보,
raindish,Rain Dish,젖은접시,
receiver,Receiver,리시버,
reckless,Reckless,이판사판,
refrigerate,Refrigerate,프리즈스킨,
regenerator,Regenerator,재생력,
ripen,Ripen,숙성,
rivalry,Rivalry,투쟁심,
rockhead,Rock Head,돌머리,
roughskin,Rough Skin,까칠한피부,
sandforce,Sand Force,모래의힘,
sandrush,Sand Rush,모래헤치기,
sandspit,Sand Spit,모래뿜기,
sandstream,Sand Stream,모래날림,
sandveil,Sand Veil,모래숨기,
sapsipper,Sap Sipper,초식,
scrappy,Scrappy,배짱,
screencleaner,Screen Cleaner,배리어프리,
shadowtag,Shadow Tag,그림자밟기,
sharpness,Sharpness,예리함,
shedskin,Shed Skin,탈피,
sheerforce,Sheer Force,우격다짐,
shellarmor,Shell Armor,조가비갑옷,
shielddust,Shield Dust,인분,
skilllink,Skill Link,스킬링크,
slushrush,Slush Rush,눈치우기,
sniper,Sniper,스나이퍼,
snowcloak,Snow Cloak,눈숨기,
snowwarning,Snow Warning,눈퍼뜨리기,
solarpower,Solar Power,선파워,
solidrock,Solid Rock,하드록,
soundproof,Soundproof,방음,
speedboost,Speed Boost,가속,
spicyspray,Spicy Spray,하바네로분출,
stall,Stall,시간벌기,
stalwart,Stalwart,굳건한신념,
stamina,Stamina,지구력,
stancechange,Stance Change,배틀스위치,
static,Static,정전기,
steadfast,Steadfast,불굴의마음,
stench,Stench,악취,
stickyhold,Sticky Hold,점착,
strongjaw,Strong Jaw,옹골찬턱,
sturdy,Sturdy,옹골참,
suctioncups,Suction Cups,흡반,
superluck,Super Luck,대운,
supersweetsyrup,Supersweet Syrup,감미로운꿀,
supremeoverlord,Supreme Overlord,총대장,
surgesurfer,Surge Surfer,서핑테일,
swarm,Swarm,벌레의알림,
sweetveil,Sweet Veil,스위트베일,
swiftswim,Swift Swim,쓱쓱,
symbiosis,Symbiosis,공생,
synchronize,Synchronize,싱크로,
tangledfeet,Tangled Feet,갈지자걸음,
technician,Technician,테크니션,
telepathy,Telepathy,텔레파시,
thickfat,Thick Fat,두꺼운지방,
torrent,Torrent,급류,
toughclaws,Tough Claws,단단한발톱,
toxicdebris,Toxic Debris,독치장,
trace,Trace,트레이스,
unaware,Unaware,천진,
unburden,Unburden,곡예,
unnerve,Unnerve,긴장감,
unseenfist,Unseen Fist,보이지않는주먹,
vitalspirit,Vital Spirit,의기양양,
voltabsorb,Volt Absorb,축전,
wanderingspirit,Wandering Spirit,떠도는영혼,
waterabsorb,Water Absorb,저수,
waterbubble,Water Bubble,수포,
weakarmor,Weak Armor,깨어진갑옷,
whitesmoke,White Smoke,하얀연기,
zerotohero,Zero to Hero,마이티체인지,
