id,name,name_ko,mega_from,mega_to,short_desc
abomasite,Abomasite,눈설왕나이트,Abomasnow,Abomasnow-Mega,눈설왕에게 지니게 하면 배틀 중에 메가진화할 수 있는 신기한 메가스톤의 하나.
absolite,Absolite,앱솔나이트,Absol,Absol-Mega,앱솔에게 지니게 하면 배틀 중에 메가진화할 수 있는 신기한 메가스톤의 하나.
aerodactylite,Aerodactylite,프테라나이트,Aerodactyl,Aerodactyl-Mega,프테라에게 지니게 하면 배틀 중에 메가진화할 수 있는 신기한 메가스톤의 하나.
aggronite,Aggronite,보스로라나이트,Aggron,Aggron-Mega,보스로라에게 지니게 하면 배틀 중에 메가진화할 수 있는 신기한 메가스톤의 하나.
alakazite,Alakazite,후디나이트,Alakazam,Alakazam-Mega,후딘에게 지니게 하면 배틀 중에 메가진화할 수 있는 신기한 메가스톤의 하나.
altarianite,Altarianite,파비코리나이트,Altaria,Altaria-Mega,파비코리에게 지니게 하면 배틀 중에 메가진화할 수 있는 신기한 메가스톤의 하나.
ampharosite,Ampharosite,전룡나이트,Ampharos,Ampharos-Mega,전룡에게 지니게 하면 배틀 중에 메가진화할 수 있는 신기한 메가스톤의 하나.
audinite,Audinite,다부니나이트,Audino,Audino-Mega,다부니에게 지니게 하면 배틀 중에 메가진화할 수 있는 신기한 메가스톤의 하나.
banettite,Banettite,다크펫나이트,Banette,Banette-Mega,다크펫에게 지니게 하면 배틀 중에 메가진화할 수 있는 신기한 메가스톤의 하나.
barbaracite,Barbaracite,거북손데스나이트,Barbaracle,Barbaracle-Mega,거북손데스에게 지니게 하면 배틀 중에 메가진화할 수 있는 신기한 메가스톤의 하나.
beedrillite,Beedrillite,독침붕나이트,Beedrill,Beedrill-Mega,독침붕에게 지니게 하면 배틀 중에 메가진화할 수 있는 신기한 메가스톤의 하나.
blastoisinite,Blastoisinite,거북왕나이트,Blastoise,Blastoise-Mega,거북왕에게 지니게 하면 배틀 중에 메가진화할 수 있는 신기한 메가스톤의 하나.
blazikenite,Blazikenite,번치코나이트,Blaziken,Blaziken-Mega,번치코에게 지니게 하면 배틀 중에 메가진화할 수 있는 신기한 메가스톤의 하나.
cameruptite,Cameruptite,폭타나이트,Camerupt,Camerupt-Mega,폭타에게 지니게 하면 배틀 중에 메가진화할 수 있는 신기한 메가스톤의 하나.
chandelurite,Chandelurite,샹델라나이트,Chandelure,Chandelure-Mega,샹델라에게 지니게 하면 배틀 중에 메가진화할 수 있는 신기한 메가스톤의 하나.
charizarditex,Charizardite X,리자몽나이트X,Charizard,Charizard-Mega-X,리자몽에게 지니게 하면 배틀 중에 메가진화할 수 있는 신기한 메가스톤의 하나.
charizarditey,Charizardite Y,리자몽나이트Y,Charizard,Charizard-Mega-Y,리자몽에게 지니게 하면 배틀 중에 메가진화할 수 있는 신기한 메가스톤의 하나.
chesnaughtite,Chesnaughtite,브리가론나이트,Chesnaught,Chesnaught-Mega,브리가론에게 지니게 하면 배틀 중에 메가진화할 수 있는 신기한 메가스톤의 하나.
chimechite,Chimechite,치렁나이트,Chimecho,Chimecho-Mega,치렁에게 지니게 하면 배틀 중에 메가진화할 수 있는 신기한 메가스톤의 하나.
clefablite,Clefablite,픽시나이트,Clefable,Clefable-Mega,픽시에게 지니게 하면 배틀 중에 메가진화할 수 있는 신기한 메가스톤의 하나.
crabominite,Crabominite,모단단게나이트,Crabominable,Crabominable-Mega,모단단게에게 지니게 하면 배틀 중에 메가진화할 수 있는 신기한 메가스톤의 하나.
delphoxite,Delphoxite,마폭시나이트,Delphox,Delphox-Mega,마폭시에게 지니게 하면 배틀 중에 메가진화할 수 있는 신기한 메가스톤의 하나.
dragalgite,Dragalgite,드래캄나이트,Dragalge,Dragalge-Mega,드래캄에게 지니게 하면 배틀 중에 메가진화할 수 있는 신기한 메가스톤의 하나.
dragoninite,Dragoninite,망나뇽나이트,Dragonite,Dragonite-Mega,망나뇽에게 지니게 하면 배틀 중에 메가진화할 수 있는 신기한 메가스톤의 하나.
drampanite,Drampanite,할비롱나이트,Drampa,Drampa-Mega,할비롱에게 지니게 하면 배틀 중에 메가진화할 수 있는 신기한 메가스톤의 하나.
eelektrossite,Eelektrossite,저리더프나이트,Eelektross,Eelektross-Mega,저리더프에게 지니게 하면 배틀 중에 메가진화할 수 있는 신기한 메가스톤의 하나.
emboarite,Emboarite,염무왕나이트,Emboar,Emboar-Mega,염무왕에게 지니게 하면 배틀 중에 메가진화할 수 있는 신기한 메가스톤의 하나.
excadrite,Excadrite,몰드류나이트,Excadrill,Excadrill-Mega,몰드류에게 지니게 하면 배틀 중에 메가진화할 수 있는 신기한 메가스톤의 하나.
falinksite,Falinksite,대여르나이트,Falinks,Falinks-Mega,대여르에게 지니게 하면 배틀 중에 메가진화할 수 있는 신기한 메가스톤의 하나.
feraligite,Feraligite,장크로다일나이트,Feraligatr,Feraligatr-Mega,장크로다일에게 지니게 하면 배틀 중에 메가진화할 수 있는 신기한 메가스톤의 하나.
floettite,Floettite,플라베베나이트,Floette-Eternal,Floette-Mega,플라엣테에게 지니게 하면 배틀 중에 메가진화할 수 있는 신기한 메가스톤의 하나.
froslassite,Froslassite,눈여아나이트,Froslass,Froslass-Mega,눈여아에게 지니게 하면 배틀 중에 메가진화할 수 있는 신기한 메가스톤의 하나.
galladite,Galladite,엘레이드나이트,Gallade,Gallade-Mega,엘레이드에게 지니게 하면 배틀 중에 메가진화할 수 있는 신기한 메가스톤의 하나.
garchompite,Garchompite,한카리아스나이트,Garchomp,Garchomp-Mega,한카리아스에게 지니게 하면 배틀 중에 메가진화할 수 있는 신기한 메가스톤의 하나.
gardevoirite,Gardevoirite,가디안나이트,Gardevoir,Gardevoir-Mega,가디안에게 지니게 하면 배틀 중에 메가진화할 수 있는 신기한 메가스톤의 하나.
gengarite,Gengarite,팬텀나이트,Gengar,Gengar-Mega,팬텀에게 지니게 하면 배틀 중에 메가진화할 수 있는 신기한 메가스톤의 하나.
glalitite,Glalitite,얼음귀신나이트,Glalie,Glalie-Mega,얼음귀신에게 지니게 하면 배틀 중에 메가진화할 수 있는 신기한 메가스톤의 하나.
glimmoranite,Glimmoranite,킬라플로르나이트,Glimmora,Glimmora-Mega,킬라플로르에게 지니게 하면 배틀 중에 메가진화할 수 있는 신기한 메가스톤의 하나.
golurkite,Golurkite,골루그나이트,Golurk,Golurk-Mega,골루그에게 지니게 하면 배틀 중에 메가진화할 수 있는 신기한 메가스톤의 하나.
greninjite,Greninjite,개굴닌자나이트,Greninja,Greninja-Mega,개굴닌자에게 지니게 하면 배틀 중에 메가진화할 수 있는 신기한 메가스톤의 하나.
gyaradosite,Gyaradosite,갸라도스나이트,Gyarados,Gyarados-Mega,갸라도스에게 지니게 하면 배틀 중에 메가진화할 수 있는 신기한 메가스톤의 하나.
hawluchanite,Hawluchanite,루차불나이트,Hawlucha,Hawlucha-Mega,루차불에게 지니게 하면 배틀 중에 메가진화할 수 있는 신기한 메가스톤의 하나.
heracronite,Heracronite,헤라크로스나이트,Heracross,Heracross-Mega,헤라크로스에게 지니게 하면 배틀 중에 메가진화할 수 있는 신기한 메가스톤의 하나.
houndoominite,Houndoominite,헬가나이트,Houndoom,Houndoom-Mega,헬가에게 지니게 하면 배틀 중에 메가진화할 수 있는 신기한 메가스톤의 하나.
kangaskhanite,Kangaskhanite,캥카나이트,Kangaskhan,Kangaskhan-Mega,캥카에게 지니게 하면 배틀 중에 메가진화할 수 있는 신기한 메가스톤의 하나.
lopunnite,Lopunnite,이어롭나이트,Lopunny,Lopunny-Mega,이어롭에게 지니게 하면 배틀 중에 메가진화할 수 있는 신기한 메가스톤의 하나.
lucarionite,Lucarionite,루카리오나이트,Lucario,Lucario-Mega,루카리오에게 지니게 하면 배틀 중에 메가진화할 수 있는 신기한 메가스톤의 하나.
malamarite,Malamarite,칼라마네로나이트,Malamar,Malamar-Mega,칼라마네로에게 지니게 하면 배틀 중에 메가진화할 수 있는 신기한 메가스톤의 하나.
manectite,Manectite,썬더볼트나이트,Manectric,Manectric-Mega,썬더볼트에게 지니게 하면 배틀 중에 메가진화할 수 있는 신기한 메가스톤의 하나.
mawilite,Mawilite,입치트나이트,Mawile,Mawile-Mega,입치트에게 지니게 하면 배틀 중에 메가진화할 수 있는 신기한 메가스톤의 하나.
medichamite,Medichamite,요가램나이트,Medicham,Medicham-Mega,요가램에게 지니게 하면 배틀 중에 메가진화할 수 있는 신기한 메가스톤의 하나.
meganiumite,Meganiumite,메가니움나이트,Meganium,Meganium-Mega,메가니움에게 지니게 하면 배틀 중에 메가진화할 수 있는 신기한 메가스톤의 하나.
meowsticite,Meowsticite,냐오닉스나이트,Meowstic,Meowstic-M-Mega,냐오닉스에게 지니게 하면 배틀 중에 메가진화할 수 있는 신기한 메가스톤의 하나.
metagrossite,Metagrossite,메타그로스나이트,Metagross,Metagross-Mega,메타그로스에게 지니게 하면 배틀 중에 메가진화할 수 있는 신기한 메가스톤의 하나.
pidgeotite,Pidgeotite,피죤투나이트,Pidgeot,Pidgeot-Mega,피죤투에게 지니게 하면 배틀 중에 메가진화할 수 있는 신기한 메가스톤의 하나.
pinsirite,Pinsirite,쁘사이저나이트,Pinsir,Pinsir-Mega,쁘사이저에게 지니게 하면 배틀 중에 메가진화할 수 있는 신기한 메가스톤의 하나.
pyroarite,Pyroarite,화염레오나이트,Pyroar,Pyroar-Mega,화염레오에게 지니게 하면 배틀 중에 메가진화할 수 있는 신기한 메가스톤의 하나.
raichunitex,Raichunite X,라이츄나이트X,Raichu,Raichu-Mega-X,라이츄에게 지니게 하면 배틀 중에 메가진화할 수 있는 신기한 메가스톤의 하나.
raichunitey,Raichunite Y,라이츄나이트Y,Raichu,Raichu-Mega-Y,라이츄에게 지니게 하면 배틀 중에 메가진화할 수 있는 신기한 메가스톤의 하나.
sablenite,Sablenite,깜까미나이트,Sableye,Sableye-Mega,깜까미에게 지니게 하면 배틀 중에 메가진화할 수 있는 신기한 메가스톤의 하나.
sceptilite,Sceptilite,나무킹나이트,Sceptile,Sceptile-Mega,나무킹에게 지니게 하면 배틀 중에 메가진화할 수 있는 신기한 메가스톤의 하나.
scizorite,Scizorite,핫삼나이트,Scizor,Scizor-Mega,핫삼에게 지니게 하면 배틀 중에 메가진화할 수 있는 신기한 메가스톤의 하나.
scolipite,Scolipite,펜드라나이트,Scolipede,Scolipede-Mega,펜드라에게 지니게 하면 배틀 중에 메가진화할 수 있는 신기한 메가스톤의 하나.
scovillainite,Scovillainite,스코빌런나이트,Scovillain,Scovillain-Mega,스코빌런에게 지니게 하면 배틀 중에 메가진화할 수 있는 신기한 메가스톤의 하나.
scraftinite,Scraftinite,곤율거니나이트,Scrafty,Scrafty-Mega,곤율거니에게 지니게 하면 배틀 중에 메가진화할 수 있는 신기한 메가스톤의 하나.
sharpedonite,Sharpedonite,샤크니아나이트,Sharpedo,Sharpedo-Mega,샤크니아에게 지니게 하면 배틀 중에 메가진화할 수 있는 신기한 메가스톤의 하나.
skarmorite,Skarmorite,무장조나이트,Skarmory,Skarmory-Mega,무장조에게 지니게 하면 배틀 중에 메가진화할 수 있는 신기한 메가스톤의 하나.
slowbronite,Slowbronite,야도란나이트,Slowbro,Slowbro-Mega,야도란에게 지니게 하면 배틀 중에 메가진화할 수 있는 신기한 메가스톤의 하나.
spelltag,Spell Tag,저주의부적,,,괴상하고 으스스한 부적. 지니게 하면 고스트타입 기술의 위력이 올라간다.
staraptite,Staraptite,찌르호크나이트,Staraptor,Staraptor-Mega,찌르호크에게 지니게 하면 배틀 중에 메가진화할 수 있는 신기한 메가스톤의 하나.
starminite,Starminite,아쿠스타나이트,Starmie,Starmie-Mega,아쿠스타에게 지니게 하면 배틀 중에 메가진화할 수 있는 신기한 메가스톤의 하나.
steelixite,Steelixite,강철톤나이트,Steelix,Steelix-Mega,강철톤에게 지니게 하면 배틀 중에 메가진화할 수 있는 신기한 메가스톤의 하나.
swampertite,Swampertite,대짱이나이트,Swampert,Swampert-Mega,대짱이에게 지니게 하면 배틀 중에 메가진화할 수 있는 신기한 메가스톤의 하나.
tyranitarite,Tyranitarite,마기라스나이트,Tyranitar,Tyranitar-Mega,마기라스에게 지니게 하면 배틀 중에 메가진화할 수 있는 신기한 메가스톤의 하나.
venusaurite,Venusaurite,이상해꽃나이트,Venusaur,Venusaur-Mega,이상해꽃에게 지니게 하면 배틀 중에 메가진화할 수 있는 신기한 메가스톤의 하나.
victreebelite,Victreebelite,우츠보트나이트,Victreebel,Victreebel-Mega,우츠보트에게 지니게 하면 배틀 중에 메가진화할 수 있는 신기한 메가스톤의 하나.
aspearberry,Aspear Berry,배리열매,,,포켓몬에게 지니게 하면 얼음을 회복한다.
babiriberry,Babiri Berry,바리비열매,,,포켓몬에게 지니게 하면 효과가 뛰어난 강철 기술을 당했을 때 위력이 약해진다.
bigroot,Big Root,큰뿌리,,,지니게 하면 HP 흡수 기술을 썼을 때 여느 때보다 많은 HP를 자신이 회복할 수 있다.
blackbelt,Black Belt,검은띠,,,마음을 긴장시키는 띠. 지니게 하면 격투타입 기술의 위력이 올라간다.
blackglasses,Black Glasses,검은안경,,,괴상하게 보이는 안경. 지니게 하면 악타입 기술의 위력이 올라간다.
brightpowder,Bright Powder,반짝가루,,,반짝반짝 빛나는 가루. 지니게 하면 빛이 상대를 혼란시켜 기술이 명중되기 어려워진다.
charcoal,Charcoal,목탄,,,물건을 태우는 연료. 지니게 하면 불꽃타입 기술의 위력이 올라간다.
chartiberry,Charti Berry,루미열매,,,포켓몬에게 지니게 하면 효과가 뛰어난 바위 기술을 당했을 때 위력이 약해진다.
cheriberry,Cheri Berry,버치열매,,,포켓몬에게 지니게 하면 마비를 회복한다.
chestoberry,Chesto Berry,유루열매,,,포켓몬에게 지니게 하면 잠듦을 회복한다.
chilanberry,Chilan Berry,카리열매,,,포켓몬에게 지니게 하면 노말 기술을 당했을 때 위력이 약해진다.
choicescarf,Choice Scarf,구애스카프,,,기술을 구애받는 스카프. 지니게 하면 스피드는 올라가지만 같은 기술밖에 쓸 수 없다.
chopleberry,Chople Berry,로플열매,,,포켓몬에게 지니게 하면 효과가 뛰어난 격투 기술을 당했을 때 위력이 약해진다.
cobaberry,Coba Berry,바코열매,,,포켓몬에게 지니게 하면 효과가 뛰어난 비행 기술을 당했을 때 위력이 약해진다.
colburberry,Colbur Berry,마코열매,,,포켓몬에게 지니게 하면 효과가 뛰어난 악 기술을 당했을 때 위력이 약해진다.
damprock,Damp Rock,축축한바위,,,지니게 한 포켓몬이 비바라기를 쓰면 여느 때보다 비내리는 시간이 길어진다.
dragonfang,Dragon Fang,용의이빨,,,단단하고 날카로운 이빨. 지니게 하면 드래곤타입 기술의 위력이 올라간다.
expertbelt,Expert Belt,달인의띠,,,오래 사용한 까만 띠. 지니게 하면 효과가 뛰어날 때 기술의 위력이 조금 올라간다.
fairyfeather,Fairy Feather,요정의깃털,,,신비한 힘을 지닌 화사한 깃털. 지니게 하면 페어리타입 기술의 위력이 올라간다.
focusband,Focus Band,기합의머리띠,,,지니게 하면 기절할 듯한 기술을 받아도 HP를 1 남겨서 견디기도 한다.
focussash,Focus Sash,기합의띠,,,지니게 하면 HP가 꽉 찼을 때 기절할 듯한 기술을 당해도 HP 1로 한 번은 버틴다.
habanberry,Haban Berry,하반열매,,,포켓몬에게 지니게 하면 효과가 뛰어난 드래곤 기술을 당했을 때 위력이 약해진다.
hardstone,Hard Stone,딱딱한돌,,,절대 깨지지 않는 돌. 지니게 하면 바위타입 기술의 위력이 올라간다.
heatrock,Heat Rock,뜨거운바위,,,지니게 한 포켓몬이 쾌청을 쓰면 여느 때보다 쾌청의 시간이 길어진다.
icyrock,Icy Rock,차가운바위,,,지니게 한 포켓몬이 싸라기눈을 쓰면 여느 때보다 싸라기눈의 시간이 길어진다.
ironball,Iron Ball,검은철구,,,지니게 하면 스피드가 떨어진다. 비행타입이나 부유 포켓몬은 땅 기술에 맞아 버린다.
kasibberry,Kasib Berry,수불열매,,,포켓몬에게 지니게 하면 효과가 뛰어난 고스트 기술을 당했을 때 위력이 약해진다.
kebiaberry,Kebia Berry,으름열매,,,포켓몬에게 지니게 하면 효과가 뛰어난 독 기술을 당했을 때 위력이 약해진다.
kingsrock,King's Rock,왕의징표석,,,지니게 하면 공격해서 데미지를 줄 때 상대를 풀죽이기도 한다.
leftovers,Leftovers,먹다남은음식,,,지니게 하면 포켓몬의 HP가 배틀을 하는 동안 조금씩 회복된다.
leppaberry,Leppa Berry,과사열매,,,포켓몬에게 지니게 하면 PP를 10만큼 회복한다.
lifeorb,Life Orb,생명의구슬,,,지니게 하면 공격할 때마다 HP가 조금씩 줄지만 기술의 위력이 올라간다.
lightball,Light Ball,전기구슬,,,피카츄에게 지니게 하면 공격과 특수공격의 위력이 올라가는 이상한 구슬.
lightclay,Light Clay,빛의점토,,,지니게 한 포켓몬이 빛의장막이나 리플렉터를 사용했을 때 여느 때보다 긴 시간 동안 지속된다.
lumberry,Lum Berry,리샘열매,,,포켓몬에게 지니게 하면 모든 상태 이상을 회복한다.
magnet,Magnet,자석,,,강력한 자석. 지니게 하면 전기타입 기술의 위력이 올라간다.
mentalherb,Mental Herb,멘탈허브,,,지니게 한 포켓몬은 헤롱헤롱 상태가 되었을 때 한 번만 회복한다.
metalcoat,Metal Coat,금속코트,,,특수한 금속 코팅제. 지니게 하면 강철타입 기술의 위력이 올라간다.
metronome,Metronome,메트로놈,,,지니게 하면 똑같은 기술을 연속으로 사용했을 때 위력이 올라간다. 그만두면 위력이 되돌아간다.
miracleseed,Miracle Seed,기적의씨,,,생명이 깃든 씨앗. 지니게 하면 풀타입 기술의 위력이 올라간다.
muscleband,Muscle Band,힘의머리띠,,,힘이 끓어오르는 머리띠. 지니게 하면 물리 기술의 위력이 조금 올라간다.
mysticwater,Mystic Water,신비의물방울,,,물방울 모양의 보석. 지니게 하면 물타입 기술의 위력이 올라간다.
nevermeltice,Never-Melt Ice,녹지않는얼음,,,열을 가까이하지 않게 하는 얼음. 지니게 하면 얼음타입 기술의 위력이 올라간다.
occaberry,Occa Berry,오카열매,,,포켓몬에게 지니게 하면 효과가 뛰어난 불꽃 기술을 당했을 때 위력이 약해진다.
oranberry,Oran Berry,오랭열매,,,포켓몬에게 지니게 하면 HP를 10만큼 회복한다.
passhoberry,Passho Berry,꼬시개열매,,,포켓몬에게 지니게 하면 효과가 뛰어난 물 기술을 당했을 때 위력이 약해진다.
payapaberry,Payapa Berry,야파열매,,,포켓몬에게 지니게 하면 효과가 뛰어난 에스퍼 기술을 당했을 때 위력이 약해진다.
pechaberry,Pecha Berry,복슝열매,,,포켓몬에게 지니게 하면 독을 회복한다.
persimberry,Persim Berry,시몬열매,,,포켓몬에게 지니게 하면 혼란을 회복한다.
poisonbarb,Poison Barb,독바늘,,,독이 있는 작은 침. 지니게 하면 독타입 기술의 위력이 올라간다.
quickclaw,Quick Claw,선제공격손톱,,,가볍고 날카로운 손톱. 지니게 하면 상대보다 먼저 행동할 수도 있다.
rawstberry,Rawst Berry,복분열매,,,포켓몬에게 지니게 하면 화상을 회복한다.
rindoberry,Rindo Berry,린드열매,,,포켓몬에게 지니게 하면 효과가 뛰어난 풀 기술을 당했을 때 위력이 약해진다.
roseliberry,Roseli Berry,로셀열매,,,포켓몬에게 지니게 하면 효과가 뛰어난 페어리 기술을 당했을 때 위력이 약해진다.
scopelens,Scope Lens,초점렌즈,,,약점이 보이는 렌즈. 지니게 한 포켓몬의 기술이 급소에 맞기 쉬워진다.
sharpbeak,Sharp Beak,예리한부리,,,길고 뾰족한 부리. 지니게 하면 비행타입 기술의 위력이 올라간다.
shedshell,Shed Shell,아름다운허물,,,튼튼하고 단단한 허물. 지니게 한 포켓몬은 교대 포켓몬과 반드시 교체할 수 있다.
shellbell,Shell Bell,조개껍질방울,,,지니게 한 포켓몬이 공격하여 상대에게 데미지를 줬을 때 HP를 조금 회복할 수 있다.
shucaberry,Shuca Berry,슈캐열매,,,포켓몬에게 지니게 하면 효과가 뛰어난 땅 기술을 당했을 때 위력이 약해진다.
silkscarf,Silk Scarf,실크스카프,,,감촉이 좋은 스카프. 지니게 하면 노말타입 기술의 위력이 올라간다.
silverpowder,Silver Powder,은빛가루,,,은색으로 반짝이는 가루. 지니게 하면 벌레타입 기술의 위력이 올라간다.
sitrusberry,Sitrus Berry,자뭉열매,,,포켓몬에게 지니게 하면 HP를 조금 회복한다.
smoothrock,Smooth Rock,보송보송바위,,,지니게 한 포켓몬이 모래바람을 쓰면 여느 때보다 모래바람의 시간이 길어진다.
softsand,Soft Sand,부드러운모래,,,만지면 보슬보슬한 모래. 지니게 하면 땅타입 기술의 위력이 올라간다.
tangaberry,Tanga Berry,리체열매,,,포켓몬에게 지니게 하면 효과가 뛰어난 벌레 기술을 당했을 때 위력이 약해진다.
twistedspoon,Twisted Spoon,휘어진스푼,,,염동력을 담은 숟가락. 지니게 하면 에스퍼타입 기술의 위력이 올라간다.
wacanberry,Wacan Berry,초나열매,,,포켓몬에게 지니게 하면 효과가 뛰어난 전기 기술을 당했을 때 위력이 약해진다.
whiteherb,White Herb,하양허브,,,지니게 한 포켓몬의 능력이 떨어졌을 때 한 번만 원래 상태로 돌아온다.
widelens,Wide Lens,광각렌즈,,,물건이 크게 보이는 렌즈. 지니게 하면 기술의 명중률이 조금 올라간다.
wiseglasses,Wise Glasses,박식안경,,,두꺼운 렌즈를 붙인 안경. 지니게 하면 특수 기술의 위력이 조금 올라간다.
yacheberry,Yache Berry,플카열매,,,포켓몬에게 지니게 하면 효과가 뛰어난 얼음 기술을 당했을 때 위력이 약해진다.
zoomlens,Zoom Lens,포커스렌즈,,,지니게 한 포켓몬이 상대보다도 행동하는 것이 늦어질 때 기술이 명중하기 쉬워진다.
